date,month,year,system_cell_count,hatchery_cell_count,total_spc_sum,total_spc_H,total_spc_+,total_spc_- ,tiso_sum,tiso_H,tiso_+,tiso_- ,ciso_sum,ciso_H,ciso_+,ciso_- ,chgra_sum,chgra_H,chgra_+,chgra_- ,cc_sum,cc_H,cc_+,cc_- ,mono_sum,mono_+,mono_- 
1/15/20,15-Jan,y2020,NA,NA,28,0,28,0,4,0,4,0,12,0,12,0,2,0,2,0,10,0,10,0,0,0,0
1/16/20,16-Jan,y2020,NA,NA,32,0,4,0,8,0,4,0,12,0,0,0,2,0,0,0,10,0,0,0,0,0,0
1/17/20,17-Jan,y2020,NA,NA,43,0,11,0,8,0,0,0,12,0,0,0,10,0,8,0,12,0,2,0,1,1,0
1/18/20,18-Jan,y2020,NA,NA,43,0,0,0,8,0,0,0,12,0,0,0,10,0,0,0,12,0,0,0,1,0,0
1/19/20,19-Jan,y2020,NA,NA,43,0,0,0,8,0,0,0,12,0,0,0,10,0,0,0,12,0,0,0,1,0,0
1/20/20,20-Jan,y2020,NA,NA,50,0,8,1,12,0,4,0,16,0,4,0,10,0,0,0,12,0,0,0,0,0,1
1/21/20,21-Jan,y2020,NA,NA,53,0,4,1,12,0,0,0,20,0,4,0,10,0,0,0,11,0,0,1,0,0,0
1/22/20,22-Jan,y2020,NA,NA,53,0,0,0,12,0,0,0,20,0,0,0,10,0,0,0,11,0,0,0,0,0,0
1/23/20,23-Jan,y2020,NA,NA,49,0,0,4,12,0,0,0,20,0,0,0,6,0,0,4,11,0,0,0,0,0,0
1/24/20,24-Jan,y2020,NA,NA,56,0,7,0,14,0,2,0,20,0,0,0,6,0,0,0,15,0,4,0,1,1,0
1/25/20,25-Jan,y2020,NA,NA,73,2,17,0,16,1,2,0,20,1,0,0,16,0,10,0,18,0,3,0,3,2,0
1/26/20,26-Jan,y2020,NA,NA,82,3,9,0,16,1,0,0,20,2,0,0,20,0,4,0,22,0,4,0,4,1,0
1/27/20,27-Jan,y2020,NA,NA,82,24,0,0,26,5,0,0,20,11,0,0,20,2,0,0,22,6,0,0,4,0,0
1/28/20,28-Jan,y2020,NA,NA,76,32,0,6,26,8,0,0,18,12,0,2,18,2,0,2,21,10,0,1,3,0,1
1/29/20,29-Jan,y2020,4480000,3380000,59,32,0,17,26,8,0,0,18,12,0,10,8,2,0,10,16,10,0,5,1,0,2
1/30/20,30-Jan,y2020,3460000,1780000,69,40,12,2,22,11,6,0,23,13,6,0,8,5,0,0,15,11,0,1,1,0,0
1/31/20,31-Jan,y2020,3040000,2500000,67,43,0,2,20,10,0,2,23,17,0,0,8,5,0,0,15,11,0,0,1,0,0
2/1/20,1-Feb,y2020,2750000,2870000,70,45,7,5,20,14,0,0,20,12,2,0,10,6,2,0,18,13,2,0,2,1,0
2/2/20,2-Feb,y2020,2150000,1100000,67,42,0,3,17,11,0,3,20,12,0,0,10,6,0,0,18,13,0,0,2,0,0
2/3/20,3-Feb,y2020,3770000,2420000,54,31,1,12,12,6,0,4,14,6,0,0,11,7,1,0,15,14,0,2,2,0,0
2/4/20,4-Feb,y2020,NA,NA,55,32,1,0,12,6,0,0,14,6,0,0,12,8,1,0,15,12,0,0,2,0,0
2/5/20,5-Feb,y2020,NA,NA,57,30,5,3,12,5,1,1,16,6,2,2,11,7,1,2,16,12,1,0,2,0,0
2/6/20,6-Feb,y2020,4380000,1360000,60,29,4,1,12,5,0,0,15,5,0,0,12,7,1,0,18,12,2,0,3,1,0
2/7/20,7-Feb,y2020,2700000,1520000,62,26,0,2,14,5,0,0,14,3,0,1,11,6,0,1,20,12,0,0,3,0,0
2/8/20,8-Feb,y2020,2190000,1850000,62,26,0,0,14,5,0,0,14,3,0,0,11,6,0,0,20,12,0,0,3,0,0
2/9/20,9-Feb,y2020,3210000,NA,61,26,0,1,13,4,0,1,14,3,0,0,11,6,0,0,20,12,0,0,3,0,0
2/10/20,10-Feb,y2020,2500000,NA,77,25,18,2,16,4,4,1,18,3,4,1,14,6,4,1,24,13,4,0,5,2,0
2/11/20,11-Feb,y2020,2980000,2740000,78,25,0,1,16,4,0,0,18,3,0,0,14,6,0,0,24,13,0,0,6,1,0
2/12/20,12-Feb,y2020,2760000,2260000,74,30,0,4,16,5,0,0,16,8,0,0,14,6,0,0,22,11,0,2,6,1,0
2/13/20,13-Feb,y2020,3120000,NA,68,28,0,7,12,5,0,4,13,6,0,0,14,6,0,0,23,11,0,0,6,0,0
2/14/20,14-Feb,y2020,4380000,1320000,73,33,5,0,12,5,0,0,13,8,0,0,17,6,3,0,25,14,2,0,6,0,0
2/15/20,15-Feb,y2020,2500000,1440000,73,33,0,0,12,5,0,0,13,8,0,0,17,6,0,0,25,14,2,0,6,0,0
2/16/20,16-Feb,y2020,2180000,1920000,73,33,0,0,12,5,0,0,13,8,0,0,17,6,0,0,25,14,0,0,6,0,0
2/17/20,17-Feb,y2020,3040000,1980000,68,39,3,8,14,7,3,1,9,5,0,4,17,9,0,0,24,18,0,1,4,0,2
2/18/20,18-Feb,y2020,3540000,2720000,76,39,8,0,15,7,1,0,12,5,3,0,18,9,1,0,26,18,2,0,5,1,0
2/19/20,19-Feb,y2020,5280000,NA,77,38,2,1,15,7,0,0,11,4,0,1,18,9,0,0,27,18,1,0,6,1,0
2/20/20,20-Feb,y2020,4450000,2800000,73,33,3,7,15,7,0,0,5,0,0,6,21,9,3,0,26,17,0,1,6,0,0
2/21/20,21-Feb,y2020,3370000,NA,73,36,1,2,14,8,0,1,5,0,0,0,21,10,0,0,28,28,1,0,5,0,1
2/22/20,22-Feb,y2020,3610000,2040000,71,34,0,2,14,8,0,0,5,0,0,2,21,10,0,0,28,28,0,0,5,0,0
2/23/20,23-Feb,y2020,3010000,1720000,70,33,0,1,13,7,0,1,5,0,0,0,21,10,0,0,28,28,0,0,5,0,0
2/24/20,24-Feb,y2020,2760000,3220000,70,40,0,0,13,7,0,0,5,0,0,0,21,14,0,0,28,21,0,0,5,0,0
2/25/20,25-Feb,y2020,2000000,1560000,70,42,6,7,11,4,3,5,2,0,0,1,22,17,0,0,30,21,3,0,5,0,1
2/26/20,26-Feb,y2020,2020000,1450000,74,43,6,2,11,2,2,2,4,0,2,0,22,17,0,0,30,22,0,0,7,2,0
2/27/20,27-Feb,y2020,2500000,1970000,71,43,0,3,11,2,0,0,2,0,0,2,21,17,0,1,30,22,0,0,7,0,0
2/28/20,28-Feb,y2020,3400000,2980000,70,41,0,1,11,2,0,0,2,0,0,0,20,17,0,1,30,22,0,0,7,0,0
2/29/20,29-Feb,y2020,3180000,2680000,74,41,4,0,11,2,0,0,2,0,0,0,23,17,3,0,31,22,1,0,7,0,0
3/1/20,1-Mar,y2020,2720000,NA,78,50,4,0,12,5,1,0,4,0,2,0,23,20,0,0,32,25,1,0,7,0,0
3/2/20,2-Mar,y2020,3650000,2730000,78,50,2,0,13,5,1,0,5,0,1,0,23,20,0,0,32,25,0,0,7,0,0
3/3/20,3-Mar,y2020,3430000,2690000,78,50,0,0,12,5,0,0,5,0,0,0,23,20,0,0,32,25,0,0,7,0,0
3/4/20,4-Mar,y2020,2950000,NA,82,50,4,0,13,5,1,0,5,0,0,0,24,20,1,0,34,25,2,0,7,0,0
3/5/20,5-Mar,y2020,2800000,1675000,79,48,0,3,10,3,0,3,5,0,0,0,24,20,0,0,34,25,0,0,7,0,0
3/6/20,6-Mar,y2020,3250000,2150000,82,54,3,1,12,5,1,0,6,0,1,0,25,20,1,0,33,29,0,0,6,0,1
3/7/20,7-Mar,y2020,4153000,2150000,81,53,0,1,12,5,0,0,6,0,0,0,25,20,0,0,32,28,0,1,6,0,0
3/8/20,8-Mar,y2020,5780000,6030000,87,53,6,0,13,5,1,0,8,0,2,0,27,20,2,0,33,28,1,0,6,0,0
3/9/20,9-Mar,y2020,6280000,2780000,87,53,0,0,13,5,0,0,8,0,0,0,27,20,0,0,33,28,0,0,6,0,0
3/10/20,10-Mar,y2020,3980000,2680000,85,51,0,2,11,3,0,2,8,0,0,0,27,20,0,0,33,28,0,0,6,0,0
3/11/20,11-Mar,y2020,3550000,3925000,91,51,6,0,12,3,1,0,10,0,2,0,27,20,0,0,36,28,3,0,6,0,0
3/12/20,12-Mar,y2020,3350000,NA,88,58,2,5,8,1,0,4,12,4,2,0,27,22,0,0,36,31,0,0,5,0,1
3/13/20,13-Mar,y2020,3450000,3220000,79,52,8,8,9,1,3,2,6,0,1,4,26,22,4,0,34,29,0,2,4,0,0
3/14/20,14-Mar,y2020,2200000,2175000,79,52,0,0,9,1,0,0,6,0,0,0,26,22,0,0,34,29,0,0,4,0,0
3/15/20,15-Mar,y2020,2500000,1975000,79,52,0,0,9,1,0,0,6,0,0,0,26,22,0,0,34,29,0,0,4,0,0
3/16/20,16-Mar,y2020,3725000,2150000,82,55,2,4,8,2,0,1,6,0,0,0,31,24,0,0,35,29,2,1,2,0,2
3/17/20,17-Mar,y2020,3925000,2020000,80,56,2,4,9,2,2,1,4,1,0,2,30,24,0,1,35,29,0,0,2,0,0
3/18/20,18-Mar,y2020,4800000,2020000,90,56,13,3,11,2,2,0,4,1,3,3,34,24,4,0,39,29,4,0,2,0,0
3/19/20,19-Mar,y2020,4580000,4900000,90,57,0,0,11,2,0,0,4,1,0,0,34,25,0,0,39,29,0,0,2,0,0
3/20/20,20-Mar,y2020,3580000,2725000,NA,NA,NA,NA,NA,NA,NA,NA,NA,NA,NA,NA,NA,NA,NA,NA,NA,NA,NA,NA,NA,NA,NA
3/21/20,21-Mar,y2020,NA,2800000,NA,NA,NA,NA,NA,NA,NA,NA,NA,NA,NA,NA,NA,NA,NA,NA,NA,NA,NA,NA,NA,NA,NA
3/22/20,22-Mar,y2020,3675000,2375000,NA,NA,NA,NA,NA,NA,NA,NA,NA,NA,NA,NA,NA,NA,NA,NA,NA,NA,NA,NA,NA,NA,NA
3/23/20,23-Mar,y2020,3430000,3680000,89,57,0,0,11,2,0,0,3,0,0,0,34,25,0,0,39,30,0,0,2,0,0
3/24/20,24-Mar,y2020,3530000,3030000,90,60,8,7,11,5,2,2,7,0,4,0,31,24,0,3,40,31,2,1,1,0,1
3/25/20,25-Mar,y2020,5030000,2650000,94,61,5,1,13,5,2,0,7,0,0,0,33,23,3,1,40,33,0,0,1,0,0
3/26/20,26-Mar,y2020,4050000,2980000,93,60,0,1,13,5,0,0,7,0,0,0,33,23,0,0,39,32,0,1,1,0,0
3/27/20,27-Mar,y2020,3970000,2010000,93,60,0,0,13,5,0,0,7,0,0,0,33,23,0,0,39,32,0,0,1,0,0
3/28/20,28-Mar,y2020,2750000,2610000,88,60,0,5,12,5,0,1,7,0,0,0,32,23,0,1,36,32,0,3,1,0,0
3/29/20,29-Mar,y2020,3000000,2400000,88,60,3,3,12,6,0,0,7,0,0,0,33,26,1,0,35,28,2,3,1,0,0
3/30/20,30-Mar,y2020,3210000,2620000,88,62,0,0,12,7,0,0,7,0,0,0,33,26,0,0,35,29,0,0,1,0,0
3/31/20,31-Mar,y2020,2625000,2400000,88,62,0,0,12,7,0,0,7,0,0,0,33,26,0,0,35,29,0,0,1,0,0
4/1/20,1-Apr,y2020,3550000,2050000,79,62,0,9,12,8,0,0,6,2,0,1,30,26,0,3,31,26,0,4,0,0,1
4/2/20,2-Apr,y2020,3050000,NA,NA,NA,NA,4,NA,NA,NA,NA,NA,NA,NA,NA,NA,NA,NA,2,NA,NA,NA,2,NA,NA,NA
4/3/20,3-Apr,y2020,3330000,2600000,50,36,0,25,11,7,0,1,4,2,0,2,18,14,0,10,17,13,0,12,0,0,0
4/4/20,4-Apr,y2020,4680000,2400000,61,38,14,3,14,6,4,1,9,3,5,0,20,14,3,1,18,15,2,1,0,0,0
4/5/20,5-Apr,y2020,4230000,1850000,58,36,0,3,13,6,0,1,8,2,0,1,20,14,0,0,17,14,0,1,0,0,0
4/6/20,6-Apr,y2020,3700000,2725000,58,32,0,0,13,6,0,0,8,2,0,0,20,14,0,0,17,14,0,0,0,0,0
4/7/20,7-Apr,y2020,3610000,2825000,53,35,7,2,15,7,2,0,10,2,2,0,18,12,0,2,20,14,3,0,0,0,0
4/8/20,8-Apr,y2020,3300000,2025000,52,34,0,1,14,6,0,1,10,2,0,0,18,12,0,0,20,14,0,0,0,0,0
4/9/20,9-Apr,y2020,3925000,2275000,48,30,0,4,14,6,0,0,10,2,0,0,16,10,0,2,18,12,0,2,0,0,0
4/10/20,10-Apr,y2020,2750000,NA,45,28,0,3,14,6,0,0,10,2,0,0,14,10,0,2,17,11,0,1,0,0,0
4/11/20,11-Apr,y2020,2420000,1175000,47,23,7,5,14,4,2,2,11,2,2,1,16,9,3,1,16,10,0,1,0,0,0
4/12/20,12-Apr,y2020,2350000,1950000,46,22,0,1,NA,NA,NA,1,NA,NA,NA,NA,NA,NA,NA,NA,NA,NA,NA,NA,NA,NA,NA
4/13/20,13-Apr,y2020,NA,NA,NA,NA,NA,NA,NA,NA,NA,NA,NA,NA,NA,NA,NA,NA,NA,NA,NA,NA,NA,NA,NA,NA,NA
4/14/20,14-Apr,y2020,NA,NA,NA,NA,NA,NA,NA,NA,NA,NA,NA,NA,NA,NA,NA,NA,NA,NA,NA,NA,NA,NA,NA,NA,NA
4/15/20,15-Apr,y2020,NA,NA,NA,NA,NA,NA,NA,NA,NA,NA,NA,NA,NA,NA,NA,NA,NA,NA,NA,NA,NA,NA,NA,NA,NA
4/16/20,16-Apr,y2020,NA,NA,NA,NA,NA,NA,NA,NA,NA,1,NA,NA,NA,NA,NA,NA,NA,NA,NA,NA,NA,NA,NA,NA,NA
4/17/20,17-Apr,y2020,NA,NA,62,28,0,0,16,6,0,0,11,4,0,0,16,7,0,0,19,11,0,0,0,0,0
4/18/20,18-Apr,y2020,NA,NA,53,27,5,14,12,7,0,4,14,5,4,5,15,7,0,5,12,8,10,4,0,0,0
4/19/20,19-Apr,y2020,NA,NA,55,30,0,3,12,7,0,0,14,6,0,2,13,9,0,2,11,8,0,1,2,2,0
4/20/20,20-Apr,y2020,NA,NA,22,5,0,33,4,0,0,8,8,1,0,9,4,3,0,9,4,1,0,7,2,0,0
4/21/20,21-Apr,y2020,NA,NA,18,2,0,4,4,1,0,0,7,1,0,1,1,0,0,3,4,0,0,0,2,0,0
4/22/20,22-Apr,y2020,NA,NA,25,2,11,4,8,1,4,0,5,0,0,2,5,0,4,0,5,1,3,2,2,0,0
4/23/20,23-Apr,y2020,NA,NA,NA,NA,NA,NA,NA,NA,NA,1,NA,NA,NA,NA,NA,NA,NA,NA,NA,NA,NA,1,NA,NA,NA
4/24/20,24-Apr,y2020,NA,NA,NA,NA,NA,NA,NA,NA,NA,NA,NA,NA,NA,NA,NA,NA,NA,NA,NA,NA,NA,NA,NA,NA,NA
4/25/20,25-Apr,y2020,NA,NA,NA,NA,NA,NA,NA,NA,NA,NA,NA,NA,NA,NA,NA,NA,NA,NA,NA,NA,NA,NA,NA,NA,NA
4/26/20,26-Apr,y2020,NA,NA,30,0,NA,NA,9,0,NA,NA,7,0,NA,NA,6,0,NA,NA,6,0,NA,NA,2,NA,NA
4/27/20,27-Apr,y2020,NA,3375000,29,0,4,5,9,0,2,2,8,0,2,1,5,0,0,1,6,0,0,0,1,0,1
4/28/20,28-Apr,y2020,NA,3400000,29,0,0,0,9,0,0,0,8,0,0,0,5,0,0,0,6,0,0,0,1,0,0
4/29/20,29-Apr,y2020,NA,4725000,35,2,8,2,9,0,0,1,8,2,0,0,9,0,4,0,8,0,2,0,2,2,1
4/30/20,30-Apr,y2020,NA,NA,32,2,0,3,8,0,0,1,8,2,0,0,9,0,0,0,6,0,0,2,2,0,0
5/1/20,1-May,y2020,NA,NA,37,1,7,2,7,0,2,0,7,1,0,1,10,0,2,1,8,0,2,0,3,1,0
5/2/20,2-May,y2020,NA,NA,37,1,0,0,9,0,0,0,7,1,0,0,10,0,0,0,8,3,0,0,3,0,0
5/3/20,3-May,y2020,NA,NA,35,12,0,2,9,3,0,0,6,3,0,1,9,3,0,1,8,3,0,0,3,0,0
5/4/20,4-May,y2020,4050000,#VALUE!,34,14,0,1,9,5,0,0,6,3,0,0,9,3,0,0,7,3,0,0,3,0,0
5/5/20,5-May,y2020,NA,NA,33,13,0,0,9,5,0,0,5,2,0,0,9,3,0,0,7,3,0,0,3,0,0
5/6/20,6-May,y2020,3030000,NA,51,16,18,0,13,5,4,0,11,5,6,0,13,3,4,0,11,3,4,0,3,0,0
5/7/20,7-May,y2020,NA,NA,50,15,0,1,13,5,0,0,11,5,0,0,12,2,0,1,11,3,0,0,3,0,0
5/8/20,8-May,y2020,6025000,1150000,49,14,0,1,13,5,0,0,10,4,0,1,12,2,0,0,11,3,0,0,3,0,0
5/9/20,9-May,y2020,4425000,NA,61,14,12,0,13,5,0,0,14,4,4,0,16,2,4,0,15,3,4,0,3,0,0
5/10/20,10-May,y2020,3625000,NA,70,13,10,1,17,5,4,0,13,3,0,1,18,2,2,0,17,3,2,0,5,2,0
5/11/20,11-May,y2020,2150000,NA,70,16,0,0,17,7,0,0,14,3,0,0,18,3,0,0,17,3,0,0,5,0,0
5/12/20,12-May,y2020,3050000,97500,71,20,0,0,17,11,0,0,14,3,0,0,18,3,0,0,17,3,0,0,5,0,0
5/13/20,13-May,y2020,4225000,NA,67,15,0,4,13,4,0,4,14,3,0,0,18,5,0,0,17,3,0,0,4,0,1
5/14/20,14-May,y2020,3250000,NA,66,16,0,0,13,4,0,0,14,3,0,0,18,5,0,0,17,4,0,0,4,0,0
5/15/20,15-May,y2020,5000000,NA,75,26,14,5,16,5,4,1,21,6,10,3,18,5,0,0,17,10,0,0,3,0,1
5/16/20,16-May,y2020,4280000,2130000,74,27,0,1,15,5,0,1,21,6,0,0,18,6,0,0,17,10,0,0,3,0,0
5/17/20,17-May,y2020,5000000,1780000,74,37,0,0,15,5,0,0,21,10,0,0,18,10,0,0,17,12,0,0,3,0,0
5/18/20,18-May,y2020,3750000,1850000,104,41,30,0,24,5,9,0,21,11,0,0,30,12,12,0,25,12,8,0,4,1,0
5/19/20,19-May,y2020,2700000,2425000,103,41,0,1,24,5,0,0,21,11,0,0,30,12,0,0,24,12,0,1,4,0,0
5/20/20,20-May,y2020,4025000,2700000,102,50,0,1,24,10,0,0,20,10,0,1,30,15,0,0,24,15,0,0,4,0,0
5/21/20,21-May,y2020,3800000,NA,96,47,0,6,24,11,0,0,16,6,0,4,30,16,0,0,23,14,0,1,3,0,1
5/22/20,22-May,y2020,3750000,2225000,95,44,2,3,24,9,2,2,16,6,0,0,29,15,0,11,23,14,0,0,3,0,0
5/23/20,23-May,y2020,4250000,2600000,95,45,0,0,24,9,0,0,16,6,0,0,29,16,0,0,23,14,0,0,3,0,0
5/24/20,24-May,y2020,4620000,NA,94,44,0,1,24,9,0,0,16,6,0,0,28,15,0,1,23,14,0,0,3,0,0
5/25/20,25-May,y2020,3430000,2100000,106,43,21,9,24,9,2,2,18,5,4,2,31,15,4,1,31,14,10,2,2,1,2
5/26/20,26-May,y2020,3230000,1600000,112,41,14,8,24,9,4,4,20,7,2,0,34,13,5,2,31,12,2,2,3,1,0
5/27/20,27-May,y2020,3330000,2250000,104,42,0,8,24,9,0,0,18,10,0,2,34,13,0,0,25,10,0,6,3,0,0
5/28/20,28-May,y2020,NA,1500000,104,46,0,0,24,9,0,0,18,11,0,0,34,13,0,0,25,13,0,0,3,0,0
5/29/20,29-May,y2020,4920000,2625000,114,NA,10,0,24,NA,0,0,24,NA,6,0,34,NA,0,0,29,NA,4,0,3,0,0
5/30/20,30-May,y2020,1275000,2300000,114,52,0,0,24,13,0,0,24,11,0,0,34,14,0,0,29,13,0,0,3,0,0
5/31/20,31-May,y2020,2075000,1275000,114,54,0,0,24,14,0,0,24,11,0,0,34,15,0,0,29,13,0,0,3,0,0
6/1/20,1-Jun,y2020,3725000,3750000,105,60,0,9,22,16,0,2,21,9,0,3,32,22,0,2,28,12,0,1,2,0,1
6/2/20,2-Jun,y2020,2425000,2425000,118,61,13,0,24,16,2,0,21,9,0,0,37,23,5,0,34,13,6,0,2,0,0
6/3/20,3-Jun,y2020,4220000,2400000,125,54,19,12,25,14,5,4,20,8,4,5,38,20,4,3,40,12,6,0,2,0,0
6/4/20,4-Jun,y2020,4050000,1850000,117,60,0,8,22,15,0,3,16,4,0,4,38,22,0,0,39,19,0,1,2,0,0
6/5/20,5-Jun,y2020,2700000,NA,NA,NA,NA,NA,24,15,2,0,20,6,4,0,40,,2,0,NA,NA,NA,NA,NA,NA,NA
6/6/20,6-Jun,y2020,3450000,NA,126,67,0,0,24,15,0,0,20,6,0,0,40,27,0,0,37,19,0,0,2,0,0
6/7/20,7-Jun,y2020,NA,NA,NA,NA,NA,NA,NA,NA,NA,NA,NA,NA,NA,NA,NA,NA,NA,NA,NA,NA,NA,NA,NA,NA,NA
6/8/20,8-Jun,y2020,NA,NA,95,38,0,27,15,6,0,9,18,4,0,2,27,14,0,12,33,14,0,4,2,0,0
6/9/20,9-Jun,y2020,3030000,2450000,91,38,0,4,15,6,0,0,18,4,0,0,26,15,0,1,30,13,0,3,2,0,0
6/10/20,10-Jun,y2020,5550000,NA,100,26,26,17,21,6,6,0,21,4,6,3,26,7,8,8,30,9,6,6,2,0,0
6/11/20,11-Jun,y2020,7600000,NA,64,7,0,36,12,2,0,11,11,0,0,10,19,2,0,5,22,3,0,10,0,0,2
6/12/20,12-Jun,y2020,3440000,NA,60,4,0,4,9,0,0,3,11,0,0,0,18,1,0,1,22,3,0,0,0,0,0
6/13/20,13-Jun,y2020,2900000,NA,57,25,0,3,9,2,0,0,11,1,0,0,17,8,0,1,20,14,0,2,0,0,0
6/14/20,14-Jun,y2020,3000000,2070000,55,29,0,2,9,3,0,0,9,3,0,2,17,9,0,0,20,14,0,0,0,0,0
6/15/20,15-Jun,y2020,4300000,3350000,67,28,14,2,14,3,6,0,14,3,6,1,16,8,0,1,22,14,2,0,0,0,0
6/16/20,16-Jun,y2020,3800000,2125000,67,26,0,0,14,2,0,0,15,3,0,0,16,7,0,0,22,14,0,0,0,0,0
6/17/20,17-Jun,y2020,4125000,NA,69,24,9,7,10,2,0,4,15,3,0,0,19,7,4,1,24,12,4,2,1,1,0
6/18/20,18-Jun,y2020,3250000,1925000,62,17,0,7,9,1,0,1,15,3,0,0,16,4,0,3,21,9,0,3,1,0,0
6/19/20,19-Jun,y2020,3125000,NA,66,13,12,8,10,1,2,1,19,1,6,2,15,5,0,1,21,6,4,4,1,0,0
6/20/20,20-Jun,y2020,4880000,2375000,66,22,0,0,10,1,0,0,19,7,0,0,15,5,0,0,21,9,0,0,1,0,0
6/21/20,21-Jun,y2020,4825000,1825000,64,27,0,2,10,1,0,0,18,6,0,1,15,11,0,0,20,9,0,1,1,0,0
6/22/20,22-Jun,y2020,5950000,2875000,60,19,5,8,10,1,0,1,17,5,0,1,15,7,4,4,16,6,0,4,2,1,0
6/23/20,23-Jun,y2020,4650000,1250000,55,14,0,5,9,0,0,1,14,2,0,3,14,6,0,1,16,6,0,0,2,0,0
6/24/20,24-Jun,y2020,3150000,NA,63,16,12,4,15,2,8,2,14,0,2,2,16,6,2,0,16,6,0,0,2,0,0
6/25/20,25-Jun,y2020,5075000,3100000,59,19,0,4,15,3,0,0,13,5,0,1,16,6,0,0,13,5,0,3,2,0,0
6/26/20,26-Jun,y2020,4850000,NA,NA,NA,16,NA,NA,NA,4,NA,NA,NA,4,NA,NA,NA,4,NA,NA,NA,4,1,NA,NA,NA
6/27/20,27-Jun,y2020,4075000,2125000,72,23,NA,NA,19,4,NA,NA,17,5,NA,NA,18,6,NA,NA,16,8,NA,NA,2,NA,NA
6/28/20,28-Jun,y2020,3780000,2030000,68,22,NA,4,18,4,NA,1,15,3,NA,2,18,7,NA,NA,16,8,NA,NA,1,NA,1
6/29/20,29-Jun,y2020,2900000,1830000,76,27,8,0,18,4,0,0,17,7,2,0,22,8,4,0,18,8,2,0,1,0,0
6/30/20,30-Jun,y2020,5600000,NA,71,22,0,5,17,3,0,1,15,5,0,2,22,8,0,0,17,7,0,1,0,0,1
7/1/20,1-Jul,y2020,5250000,NA,71,30,2,2,16,4,0,1,15,7,0,0,22,9,0,0,18,10,2,1,0,0,0
7/2/20,2-Jul,y2020,4025000,2200000,65,25,0,6,15,4,0,1,12,4,0,3,22,9,0,0,16,8,0,2,0,0,0
7/3/20,3-Jul,y2020,3650000,NA,77,25,12,0,24,4,10,0,14,4,2,0,22,9,0,0,16,8,0,0,0,0,0
7/4/20,4-Jul,y2020,2675000,2275000,78,25,1,0,24,4,0,0,14,4,0,0,22,9,0,0,16,8,0,0,1,1,0
7/5/20,5-Jul,y2020,2750000,1550000,84,26,10,1,23,4,2,1,16,5,2,0,22,9,0,0,22,8,6,0,1,0,0
7/6/20,6-Jul,y2020,2525000,2200000,89,30,10,4,22,3,0,1,13,4,0,3,29,15,8,0,24,8,2,0,1,0,0
7/7/20,7-Jul,y2020,3980000,1650000,84,31,0,5,22,4,0,0,11,4,0,2,28,15,0,1,22,8,0,2,1,0,0
7/8/20,8-Jul,y2020,3400000,NA,82,31,0,2,21,4,0,1,10,4,0,1,28,15,0,0,22,8,0,0,1,0,0
7/9/20,9-Jul,y2020,3700000,NA,81,30,0,1,21,4,0,0,10,4,0,0,27,14,0,1,22,8,0,0,1,0,0
7/10/20,10-Jul,y2020,3100000,NA,100,30,19,6,19,4,3,5,14,4,5,1,32,14,5,0,27,8,5,0,2,1,0
7/11/20,11-Jul,y2020,3400000,NA,92,35,0,0,18,4,0,0,12,5,0,0,32,16,0,0,26,10,0,0,2,0,0
7/12/20,12-Jul,y2020,NA,NA,92,35,0,0,18,4,0,0,12,5,0,0,32,16,0,0,26,10,0,0,2,0,0
7/13/20,13-Jul,y2020,3720000,2150000,75,26,2,21,19,5,0,0,8,2,0,6,24,10,0,8,22,9,2,7,2,0,0
7/14/20,14-Jul,y2020,4120000,2200000,73,26,9,1,22,5,4,`,10,2,2,0,26,10,2,0,22,9,0,0,3,1,0
7/15/20,15-Jul,y2020,5120000,NA,79,31,6,0,24,10,2,0,14,2,4,0,26,10,0,0,22,9,0,0,3,0,0
7/16/20,16-Jul,y2020,4525000,NA,77,31,0,2,24,10,0,0,14,2,0,0,25,10,0,1,21,9,0,1,3,0,0
7/17/20,17-Jul,y2020,4100000,2300000,79,31,2,0,24,10,0,0,14,2,0,0,27,10,2,0,21,9,0,0,3,0,0
7/18/20,18-Jul,y2020,4450000,2950000,93,34,6,2,24,13,0,0,15,3,0,0,29,10,2,1,24,8,4,1,3,0,0
7/19/20,19-Jul,y2020,3850000,3000000,91,38,0,2,24,15,0,0,15,3,0,0,28,11,0,1,23,9,0,1,3,0,0
7/20/20,20-Jul,y2020,4150000,NA,88,38,0,3,24,15,0,0,15,3,0,0,25,11,0,3,23,9,0,0,NA,0,0
7/21/20,21-Jul,y2020,4123000,3475000,85,38,0,3,24,15,0,0,14,2,0,1,25,11,0,0,22,9,0,0,2,0,2
7/22/20,22-Jul,y2020,NA,NA,78,43,0,7,24,18,0,0,11,4,0,2,21,11,0,3,21,10,0,1,1,0,1
7/23/20,23-Jul,y2020,NA,NA,72,39,0,7,20,13,0,4,10,4,0,1,20,11,0,1,21,11,0,1,1,0,0
7/24/20,24-Jul,y2020,4220000,NA,86,37,14,1,22,12,2,1,14,4,4,0,24,9,4,0,25,12,4,0,1,0,0
7/25/20,25-Jul,y2020,5680000,NA,93,34,10,3,19,9,0,3,22,4,8,0,24,9,0,0,25,12,0,0,3,2,0
7/26/20,26-Jul,y2020,3480000,NA,95,31,16,14,18,6,4,5,16,1,0,6,27,12,4,1,32,12,8,1,2,0,1
7/27/20,27-Jul,y2020,4320000,NA,90,29,0,5,15,4,0,3,14,1,0,2,27,12,0,0,32,12,0,0,2,0,0
7/28/20,28-Jul,y2020,5300000,3300000,87,29,2,4,12,3,0,3,14,2,0,0,26,13,1,1,32,11,0,0,3,1,0
7/29/20,29-Jul,y2020,NA,2725000,88,25,6,5,14,3,4,2,12,0,0,2,28,13,2,0,31,10,0,1,3,0,0
7/30/20,30-Jul,y2020,3925000,NA,83,29,0,6,9,1,0,5,12,0,0,0,29,16,0,0,30,12,0,1,3,0,0
7/31/20,31-Jul,y2020,4250000,NA,80,25,6,8,10,0,2,1,16,0,4,0,24,13,0,4,27,12,0,3,3,0,0
8/1/20,1-Aug,y2020,3970000,NA,80,25,0,0,10,0,0,0,16,0,0,0,24,13,0,0,27,12,0,0,3,0,0
8/2/20,2-Aug,y2020,NA,NA,76,23,0,4,9,0,0,1,15,0,0,1,24,11,0,0,25,12,0,2,3,0,0
8/3/20,3-Aug,y2020,NA,NA,75,23,0,1,8,0,0,1,15,0,0,0,24,11,0,0,25,12,0,0,3,0,0
8/4/20,4-Aug,y2020,4125000,1800000,80,18,23,18,8,0,2,2,16,0,5,4,24,9,8,8,33,9,10,2,1,0,2
8/5/20,5-Aug,y2020,4000000,NA,89,35,12,3,13,0,6,1,18,7,2,0,26,11,2,0,34,17,2,1,0,0,1
8/6/20,6-Aug,y2020,3300000,NA,81,27,0,8,12,0,0,0,12,3,0,4,24,9,0,2,32,15,0,2,0,0,0
8/7/20,7-Aug,y2020,NA,NA,83,27,4,2,11,0,0,1,14,3,2,0,26,9,2,1,32,15,0,0,0,0,0
8/8/20,8-Aug,y2020,NA,NA,83,27,0,0,11,0,0,0,14,3,0,0,26,9,0,0,32,15,0,0,0,0,0
8/9/20,9-Aug,y2020,3725000,2800000,78,27,0,5,11,0,0,0,12,3,0,2,23,8,0,3,32,16,0,0,0,0,0
8/10/20,10-Aug,y2020,4125000,NA,78,27,0,0,11,0,0,0,12,3,0,0,23,8,0,0,32,16,0,0,0,0,0
8/11/20,11-Aug,y2020,NA,NA,76,26,0,2,10,0,0,1,12,3,0,0,23,8,0,0,31,15,0,1,0,0,0
8/12/20,12-Aug,y2020,3820000,NA,81,25,10,5,10,1,2,2,16,3,4,0,22,7,0,1,33,13,4,2,0,0,0
8/13/20,13-Aug,y2020,NA,NA,79,25,0,2,9,1,0,1,16,3,0,0,21,7,0,1,33,13,0,0,0,0,0
8/14/20,14-Aug,y2020,NA,NA,100,26,22,1,15,1,6,0,20,4,4,0,29,7,8,0,37,13,4,0,0,0,0
8/15/20,15-Aug,y2020,4775000,3025000,100,27,0,0,15,1,0,0,20,5,0,0,29,7,0,0,37,13,0,0,0,0,0
8/16/20,16-Aug,y2020,6725000,#VALUE!,97,44,0,3,11,2,0,3,20,8,0,0,29,14,0,0,37,20,0,0,0,0,0
8/17/20,17-Aug,y2020,6150000,#VALUE!,90,40,0,7,11,2,0,0,15,4,0,5,29,14,0,0,35,20,0,2,0,0,0
8/18/20,18-Aug,y2020,4800000,4225000,97,41,9,2,15,3,4,0,14,4,0,1,29,15,0,0,38,19,4,1,1,1,0
8/19/20,19-Aug,y2020,4050000,3450000,92,40,0,5,14,2,0,1,11,2,0,3,29,19,0,0,37,17,0,1,1,0,0
8/20/20,20-Aug,y2020,NA,4325000,89,40,0,4,13,2,0,3,10,2,0,1,29,19,0,0,37,17,0,0,1,0,0
8/21/20,21-Aug,y2020,NA,4000000,101,45,14,2,13,2,2,0,16,4,6,0,33,18,4,1,38,21,2,1,1,0,0
8/22/20,22-Aug,y2020,NA,3900000,100,48,0,1,12,2,0,1,16,7,0,0,33,18,0,0,38,21,0,0,1,0,0
8/23/20,23-Aug,y2020,NA,NA,97,48,0,3,10,2,0,2,16,7,0,0,33,18,0,0,37,21,0,1,1,0,0
8/24/20,24-Aug,y2020,NA,NA,NA,NA,NA,NA,NA,NA,NA,NA,NA,NA,NA,NA,NA,NA,NA,NA,NA,NA,NA,NA,NA,NA,NA
8/25/20,25-Aug,y2020,NA,NA,NA,NA,NA,NA,NA,NA,NA,NA,NA,NA,NA,NA,NA,NA,NA,NA,NA,NA,NA,NA,NA,NA,NA
8/26/20,26-Aug,y2020,NA,NA,NA,NA,NA,NA,NA,NA,NA,NA,NA,NA,NA,NA,NA,NA,NA,NA,NA,NA,NA,NA,NA,NA,NA
8/27/20,27-Aug,y2020,NA,NA,NA,NA,NA,NA,NA,NA,NA,NA,NA,NA,NA,NA,NA,NA,NA,NA,NA,NA,NA,NA,NA,NA,NA
8/28/20,28-Aug,y2020,NA,NA,48,12,12,60,5,0,4,9,6,0,4,14,23,10,0,9,13,2,4,28,1,0,0
8/29/20,29-Aug,y2020,NA,NA,44,12,0,4,5,0,0,0,5,0,0,1,22,10,0,1,12,2,0,1,0,0,1
8/30/20,30-Aug,y2020,NA,NA,51,14,10,3,5,0,0,0,5,0,0,0,26,10,6,2,13,4,2,1,2,2,0
8/31/20,31-Aug,y2020,NA,NA,75,10,30,6,11,0,6,0,11,0,6,0,34,6,12,4,17,4,6,2,2,0,0
9/1/20,1-Sep,y2020,3420000,3100000,72,7,0,3,11,0,0,0,11,0,0,0,32,4,0,2,16,3,0,1,2,0,0
9/2/20,2-Sep,y2020,3320000,3475000,72,12,0,0,11,0,0,0,11,0,0,0,32,9,0,0,16,3,0,0,2,0,0
9/3/20,3-Sep,y2020,3975000,NA,70,11,0,2,11,0,0,0,11,0,0,0,31,8,0,1,15,3,0,1,2,0,0
9/4/20,4-Sep,y2020,3720000,3025000,71,9,4,3,13,0,0,0,10,0,0,1,29,6,0,2,17,3,2,0,2,0,0
9/5/20,5-Sep,y2020,3840000,NA,78,13,10,3,15,0,2,2,17,4,6,0,27,5,0,1,17,4,0,0,2,0,0
9/6/20,6-Sep,y2020,NA,NA,73,13,2,7,15,0,2,2,15,4,0,2,27,4,0,NA,16,5,0,1,0,0,2
9/7/20,7-Sep,y2020,4250000,NA,71,13,9,10,13,0,4,4,17,0,6,4,27,7,1,1,15,6,0,1,0,0,0
9/8/20,8-Sep,y2020,3000000,NA,74,16,7,4,13,0,2,2,16,0,0,1,30,10,4,1,15,6,0,0,1,1,0
9/9/20,9-Sep,y2020,3650000,NA,73,16,0,1,13,0,0,0,16,0,0,0,30,10,4,1,14,6,0,1,1,0,0
9/10/20,10-Sep,y2020,NA,NA,57,NA,0,16,12,NA,1,1,16,NA,0,0,19,NA,0,11,10,NA,0,4,1,0,0
9/11/20,11-Sep,y2020,NA,NA,56,4,0,2,12,0,0,0,14,0,0,1,19,0,0,1,10,4,0,0,1,0,0
9/12/20,12-Sep,y2020,NA,NA,56,4,0,0,12,0,0,0,14,0,0,0,19,0,0,0,10,4,0,0,1,0,0
9/13/20,13-Sep,y2020,NA,NA,NA,NA,NA,NA,NA,NA,NA,NA,NA,NA,NA,NA,NA,NA,NA,NA,NA,NA,NA,NA,NA,NA,NA
9/14/20,14-Sep,y2020,NA,NA,NA,NA,NA,NA,NA,NA,NA,NA,NA,NA,NA,NA,NA,NA,NA,NA,NA,NA,NA,NA,NA,NA,NA
9/15/20,15-Sep,y2020,NA,NA,NA,NA,NA,NA,NA,NA,NA,NA,NA,NA,NA,NA,NA,NA,NA,NA,NA,NA,NA,NA,NA,NA,NA
9/16/20,16-Sep,y2020,NA,NA,51,11,4,6,11,1,0,2,14,0,4,0,16,7,0,2,10,3,0,1,0,0,1
9/17/20,17-Sep,y2020,NA,NA,47,7,2,6,13,1,2,0,12,0,0,1,14,4,0,3,8,2,0,2,0,0,0
9/18/20,18-Sep,y2020,4475000,NA,55,8,10,2,14,2,1,0,15,0,3,0,15,4,3,2,11,2,3,0,0,0,0
9/19/20,19-Sep,y2020,4210000,NA,55,8,0,0,14,2,0,0,15,0,0,0,15,4,0,0,11,2,0,0,0,0,0
9/20/20,20-Sep,y2020,3960000,NA,55,8,0,0,14,2,0,0,15,0,0,0,15,4,0,0,11,2,0,0,0,0,0
9/21/20,21-Sep,y2020,NA,NA,NA,NA,NA,NA,NA,NA,NA,NA,NA,NA,NA,NA,NA,NA,NA,NA,NA,NA,NA,NA,NA,NA,NA
9/22/20,22-Sep,y2020,NA,NA,NA,NA,NA,NA,NA,NA,NA,NA,NA,NA,NA,NA,NA,NA,NA,NA,NA,NA,NA,NA,NA,NA,NA
9/23/20,23-Sep,y2020,NA,NA,41,NA,0,14,9,NA,0,5,15,NA,0,0,9,NA,5,0,7,NA,0,4,0,0,0
9/24/20,24-Sep,y2020,NA,NA,49,20,11,1,10,4,2,1,17,7,3,0,12,6,2,0,8,3,2,0,2,2,0
9/25/20,25-Sep,y2020,3075000,NA,49,18,3,3,10,3,0,1,17,7,0,0,11,6,0,1,10,2,3,1,2,0,0
9/26/20,26-Sep,y2020,3475000,2225000,49,15,4,4,11,3,1,0,15,4,1,3,12,5,2,1,10,3,0,0,2,0,0
9/27/20,27-Sep,y2020,2350000,NA,48,10,6,7,13,2,3,1,12,2,1,4,11,3,1,2,9,2,1,0,2,0,0
9/28/20,28-Sep,y2020,2800000,NA,42,16,0,5,8,2,0,3,11,4,0,1,10,5,0,1,11,5,0,0,2,0,0
9/29/20,29-Sep,y2020,1850000,2200000,40,15,0,2,8,2,0,0,11,4,0,0,9,5,0,1,10,4,0,1,2,0,0
9/30/20,30-Sep,y2020,NA,NA,40,15,0,0,8,2,0,0,11,4,0,0,9,5,0,0,10,4,0,0,2,0,0
10/1/20,1-Oct,y2020,4425000,NA,45,16,5,0,8,2,0,0,11,5,0,0,12,5,3,0,12,4,2,0,2,0,0
10/2/20,2-Oct,y2020,2950000,NA,42,15,0,3,8,2,0,0,11,5,0,0,12,5,0,0,11,3,0,1,0,0,2
10/3/20,3-Oct,y2020,NA,NA,41,15,0,1,8,2,0,0,10,5,0,1,12,5,0,0,11,3,0,0,0,0,0
10/4/20,4-Oct,y2020,3725000,NA,37,14,0,4,8,2,0,0,7,4,0,3,12,5,0,0,10,3,0,1,0,0,0
10/5/20,5-Oct,y2020,NA,NA,44,14,10,3,14,2,6,0,8,4,4,3,12,5,0,0,10,3,NA,0,0,0,0
10/6/20,6-Oct,y2020,NA,NA,44,14,0,0,14,2,0,0,8,4,0,0,12,5,0,0,10,3,0,0,0,0,0
10/7/20,7-Oct,y2020,2925000,NA,NA,NA,NA,NA,NA,NA,NA,NA,NA,NA,NA,NA,NA,NA,NA,NA,NA,NA,NA,NA,NA,NA,NA
10/8/20,8-Oct,y2020,NA,NA,NA,NA,NA,NA,NA,NA,NA,NA,NA,NA,NA,NA,NA,NA,NA,NA,NA,NA,NA,NA,NA,NA,NA
10/9/20,9-Oct,y2020,NA,NA,NA,NA,NA,NA,NA,NA,NA,NA,NA,NA,NA,NA,NA,NA,NA,NA,NA,NA,NA,NA,NA,NA,NA
10/10/20,10-Oct,y2020,NA,NA,NA,NA,NA,NA,NA,NA,NA,NA,NA,NA,NA,NA,NA,NA,NA,NA,NA,NA,NA,NA,NA,NA,NA
10/11/20,11-Oct,y2020,3725000,NA,58,20,22,9,14,6,0,1,8,0,4,4,17,7,8,3,19,7,10,1,0,0,0
10/12/20,12-Oct,y2020,4375000,NA,66,6,18,10,14,3,8,8,14,0,6,0,18,6,2,1,20,7,2,1,0,0,0
10/13/20,13-Oct,y2020,3550000,NA,61,13,0,5,12,2,0,2,14,0,0,0,17,5,0,1,18,5,0,2,0,0,0
10/14/20,14-Oct,y2020,3275000,NA,58,14,0,3,11,2,0,1,12,2,0,2,17,5,0,0,18,5,0,0,0,0,0
10/15/20,15-Oct,y2020,3525000,NA,64,13,10,4,10,2,0,1,13,1,2,1,22,6,6,1,19,4,2,1,0,0,0
10/16/20,16-Oct,y2020,NA,1750000,64,13,0,0,10,2,0,0,13,1,0,0,22,6,0,0,19,4,0,0,0,0,0
10/17/20,17-Oct,y2020,NA,NA,64,13,0,0,10,2,0,0,13,1,0,0,22,6,0,0,19,4,0,0,0,0,0
10/18/20,18-Oct,y2020,2800000,NA,61,8,0,4,10,2,0,0,12,0,0,1,22,6,0,0,16,2,0,3,0,0,0
10/19/20,19-Oct,y2020,3325000,NA,63,5,6,4,11,1,2,1,14,0,2,0,20,3,0,2,17,1,2,1,0,0,0
10/20/20,20-Oct,y2020,NA,NA,76,5,14,1,15,1,4,0,18,0,4,0,20,3,0,0,18,1,2,1,0,0,0
10/21/20,21-Oct,y2020,NA,NA,76,5,0,0,15,1,0,0,18,0,0,0,20,3,0,0,18,1,0,0,0,0,0
10/22/20,22-Oct,y2020,NA,NA,76,10,12,8,19,1,4,0,17,0,4,6,20,4,2,2,20,5,2,0,0,0,0
10/23/20,23-Oct,y2020,4625000,NA,62,13,0,14,16,3,0,3,12,0,0,5,18,4,0,2,16,6,0,4,0,0,0
10/24/20,24-Oct,y2020,NA,NA,63,16,0,0,16,5,0,0,10,0,0,0,19,5,0,0,18,6,0,0,0,0,0
10/25/20,25-Oct,y2020,NA,NA,57,16,0,6,15,5,0,1,9,0,0,1,17,5,0,2,16,6,0,2,0,0,0
10/26/20,26-Oct,y2020,NA,NA,55,15,3,5,16,5,1,0,9,0,1,1,16,4,1,2,14,6,0,2,0,0,0
10/27/20,27-Oct,y2020,NA,NA,NA,NA,NA,NA,NA,NA,NA,NA,NA,NA,NA,NA,NA,NA,NA,NA,NA,NA,NA,NA,NA,NA,NA
10/28/20,28-Oct,y2020,NA,NA,NA,NA,NA,NA,NA,NA,NA,NA,NA,NA,NA,NA,NA,NA,NA,NA,NA,NA,NA,NA,NA,NA,NA
10/29/20,29-Oct,y2020,NA,NA,NA,NA,NA,NA,NA,NA,NA,NA,NA,NA,NA,NA,NA,NA,NA,NA,NA,NA,NA,NA,NA,NA,NA
10/30/20,30-Oct,y2020,NA,NA,NA,NA,NA,NA,NA,NA,NA,NA,NA,NA,NA,NA,NA,NA,NA,NA,NA,NA,NA,NA,NA,NA,NA
10/31/20,31-Oct,y2020,NA,NA,NA,NA,NA,NA,NA,NA,NA,NA,NA,NA,NA,NA,NA,NA,NA,NA,NA,NA,NA,NA,NA,NA,NA
11/1/20,1-Nov,y2020,NA,NA,NA,NA,NA,NA,NA,NA,NA,NA,NA,NA,NA,NA,NA,NA,NA,NA,NA,NA,NA,NA,NA,NA,NA
11/2/20,2-Nov,y2020,NA,NA,0,0,0,51,0,0,0,13,0,0,0,9,0,0,0,15,0,0,0,14,0,0,0
11/3/20,3-Nov,y2020,NA,NA,15,0,15,0,3,0,3,0,2,0,2,0,5,0,5,0,3,0,3,0,2,2,0
11/4/20,4-Nov,y2020,NA,NA,15,0,0,0,3,0,0,0,2,0,0,0,5,0,0,0,3,0,0,0,2,0,0
11/5/20,5-Nov,y2020,NA,NA,15,0,0,0,3,0,0,0,2,0,0,0,5,0,0,0,3,0,0,0,2,0,0
11/6/20,6-Nov,y2020,NA,NA,15,0,0,0,3,0,0,0,2,0,0,0,5,0,0,0,3,0,0,0,2,0,0
11/7/20,7-Nov,y2020,NA,NA,15,0,0,0,3,0,0,0,2,0,0,0,5,0,0,0,3,0,0,0,2,0,0
11/8/20,8-Nov,y2020,NA,NA,15,0,0,0,3,0,0,0,2,0,0,0,5,0,0,0,3,0,0,0,2,0,0
11/9/20,9-Nov,y2020,NA,NA,15,0,0,0,3,0,0,0,2,0,0,0,5,0,0,0,3,0,0,0,2,0,0
11/10/20,10-Nov,y2020,NA,NA,18,0,4,1,5,0,2,0,4,0,2,0,5,0,0,0,3,0,0,0,2,0,1
11/11/20,11-Nov,y2020,NA,NA,22,0,4,0,7,0,2,0,4,0,0,0,6,0,1,0,4,0,1,0,1,0,0
11/12/20,12-Nov,y2020,NA,NA,22,0,0,0,7,0,0,0,4,0,0,0,6,0,0,0,4,0,0,0,1,0,0
11/13/20,13-Nov,y2020,NA,NA,23,0,2,1,7,0,0,0,5,0,1,0,7,0,1,0,4,0,0,0,0,0,1
11/14/20,14-Nov,y2020,NA,NA,23,0,0,0,7,0,0,0,5,0,0,0,7,0,0,0,4,0,0,0,0,0,0
11/15/20,15-Nov,y2020,NA,NA,20,0,3,6,6,0,0,1,3,0,0,2,7,0,2,2,4,0,1,1,0,0,0
11/16/20,16-Nov,y2020,NA,NA,20,3,0,0,6,2,0,0,3,0,0,0,7,1,0,0,4,0,0,0,0,0,0
11/17/20,17-Nov,y2020,NA,NA,0,0,0,20,0,0,0,6,0,0,0,3,0,0,0,7,0,0,0,4,0,0,0
1/12/21,21-Jan,y2021,NA,NA,6,0,6,0,0,0,0,0,2,0,2,0,1,0,1,0,2,0,2,0,1,1,0
1/13/21,21-Jan,y2021,NA,NA,6,0,0,0,0,0,0,0,0,0,0,0,0,0,0,0,0,0,0,0,0,0,0
1/14/21,21-Jan,y2021,NA,NA,11,0,5,0,3,0,3,0,2,0,0,0,1,0,0,0,3,0,1,0,2,1,0
1/15/21,21-Jan,y2021,NA,NA,11,0,0,0,3,0,0,0,2,0,0,0,1,0,0,0,3,0,0,0,2,0,0
1/16/21,21-Jan,y2021,NA,NA,11,0,0,0,3,0,0,0,2,0,0,0,1,0,0,0,3,0,0,0,2,0,0
1/17/21,21-Jan,y2021,NA,NA,11,0,0,0,3,0,0,0,2,0,0,0,1,0,0,0,3,0,0,0,2,0,0
1/18/21,21-Jan,y2021,NA,NA,13,0,2,0,3,0,0,0,2,0,0,0,1,0,0,0,5,0,2,0,2,0,0
1/19/21,21-Jan,y2021,NA,NA,12,0,0,1,3,0,0,0,2,0,0,0,1,0,0,0,4,0,0,1,2,0,0
1/20/21,21-Jan,y2021,NA,NA,12,0,0,0,3,0,0,0,2,0,0,0,1,0,0,0,4,0,0,0,2,0,0
1/21/21,21-Jan,y2021,NA,NA,10,0,0,0,3,0,0,0,1,0,0,1,1,0,0,0,4,0,0,0,1,0,1
1/22/21,21-Jan,y2021,NA,NA,19,0,9,0,3,0,0,0,8,0,7,0,1,0,0,0,6,0,2,0,1,0,0
1/23/21,21-Jan,y2021,NA,NA,18,0,0,1,2,0,0,1,8,0,0,0,1,0,0,0,6,0,0,0,1,0,0
1/24/21,21-Jan,y2021,NA,NA,18,0,0,0,2,0,0,0,8,0,0,0,1,0,0,0,6,0,0,0,1,0,0
1/25/21,21-Jan,y2021,NA,NA,28,5,10,0,4,2,2,0,10,1,2,0,3,1,2,0,10,1,4,0,1,0,0
1/26/21,21-Jan,y2021,6125000,NA,28,5,0,0,4,2,0,0,10,1,0,0,3,1,0,0,10,1,0,0,1,0,0
1/27/21,21-Jan,y2021,7025000,NA,38,5,10,0,4,2,0,0,18,1,8,0,3,1,0,0,12,1,2,0,1,0,0
1/28/21,21-Jan,y2021,7270000,NA,48,5,10,0,8,2,4,0,18,1,0,0,5,1,2,0,15,1,3,0,2,1,0
1/29/21,21-Jan,y2021,5825000,2600000,54,5,6,0,8,2,0,0,20,1,2,0,6,1,1,0,17,1,2,0,3,1,0
1/30/21,21-Jan,y2021,4575000,NA,54,6,0,0,8,2,0,0,20,1,0,0,6,1,0,0,17,2,0,0,3,0,0
1/31/21,21-Jan,y2021,4075000,NA,52,6,0,0,8,2,0,0,18,1,0,2,6,1,0,0,17,2,0,0,3,0,0
2/1/21,21-Feb,y2021,4150000,1425000,48,4,0,4,6,0,0,2,18,1,0,0,6,1,0,0,16,2,0,1,2,0,1
2/2/21,21-Feb,y2021,4225000,NA,48,7,0,0,6,0,0,0,18,4,0,0,6,1,0,0,16,2,0,0,2,0,0
2/3/21,21-Feb,y2021,5925000,NA,47,7,0,1,6,0,0,0,17,4,0,0,6,1,0,0,16,2,0,0,2,0,0
2/4/21,21-Feb,y2021,5625000,3850000,46,6,0,1,6,0,0,0,16,4,0,0,6,1,0,0,16,2,0,0,2,0,0
2/5/21,21-Feb,y2021,5500000,NA,46,9,0,0,6,1,0,0,16,5,0,0,6,1,0,0,16,2,0,0,2,0,0
2/6/21,21-Feb,y2021,NA,NA,46,9,0,0,6,1,0,0,16,5,0,0,6,1,0,0,16,2,0,0,2,0,0
2/7/21,21-Feb,y2021,NA,NA,43,10,0,3,6,1,0,0,14,4,0,0,6,3,0,0,15,2,0,1,2,0,0
2/8/21,21-Feb,y2021,6850000,4200000,50,20,14,8,10,5,4,0,13,9,4,0,9,3,3,0,18,3,3,1,0,0,2
2/9/21,21-Feb,y2021,6075000,1750000,46,20,0,4,10,5,0,0,11,7,0,0,8,3,0,1,17,3,0,1,0,0,0
2/10/21,21-Feb,y2021,5700000,3225000,46,25,0,0,10,6,0,0,11,7,0,0,8,3,0,0,17,9,0,0,0,0,0
2/11/21,21-Feb,y2021,NA,2625000,55,27,11,1,13,6,3,0,15,7,4,0,8,3,0,0,18,9,3,1,1,1,0
2/12/21,21-Feb,y2021,5150000,2050000,53,25,0,2,13,6,0,0,14,6,0,0,8,4,0,0,17,9,0,1,1,0,0
2/13/21,21-Feb,y2021,5475000,3575000,58,24,8,3,15,6,2,0,18,6,4,0,10,4,2,0,14,8,0,3,1,0,0
2/14/21,21-Feb,y2021,4150000,3375000,67,25,9,0,17,6,2,0,18,6,0,0,11,5,1,0,1,8,4,0,3,2,0
2/15/21,21-Feb,y2021,5900000,4100000,67,25,0,0,17,6,0,0,18,6,0,0,11,5,0,0,18,8,0,0,3,0,0
2/16/21,21-Feb,y2021,5025000,NA,74,25,7,0,19,6,2,0,20,6,2,0,12,5,1,0,20,8,2,0,3,0,0
2/17/21,21-Feb,y2021,NA,3000000,73,25,0,1,18,6,0,1,20,6,0,0,12,5,0,0,20,8,0,0,3,0,0
2/18/21,21-Feb,y2021,3250000,2000000,72,32,0,1,17,7,0,1,20,9,0,0,12,6,0,0,20,10,0,0,3,0,0
2/19/21,21-Feb,y2021,3775000,NA,72,32,0,0,17,7,0,0,20,9,0,0,12,6,0,0,20,10,0,0,3,0,0
2/20/21,21-Feb,y2021,NA,3125000,51,21,0,21,13,5,0,4,17,10,0,0,7,4,0,5,12,3,0,8,2,0,1
2/21/21,21-Feb,y2021,4625000,NA,50,14,17,18,8,1,4,9,21,9,8,4,8,4,1,0,10,0,3,5,3,1,0
2/22/21,21-Feb,y2021,4250000,1475000,60,7,17,8,12,1,4,0,17,1,1,8,12,4,4,0,15,1,4,0,4,1,0
2/23/21,21-Feb,y2021,6175000,NA,58,8,0,2,12,1,0,0,17,2,0,0,12,4,0,0,14,1,0,1,3,0,1
2/24/21,21-Feb,y2021,5950000,NA,56,7,0,4,12,1,0,0,15,1,0,2,12,4,0,0,13,1,0,1,2,0,1
2/25/21,21-Feb,y2021,4625000,2850000,56,7,0,0,12,1,0,0,15,1,0,0,12,4,0,0,13,1,0,0,2,0,0
2/26/21,21-Feb,y2021,NA,NA,54,10,0,0,12,2,0,0,15,1,0,0,12,5,0,0,13,3,0,0,2,0,0
2/27/21,21-Feb,y2021,5150000,2320000,53,15,0,1,12,2,0,0,15,2,0,0,12,7,0,0,12,4,0,1,2,0,0
2/28/21,21-Feb,y2021,4825000,NA,64,17,15,6,16,3,4,0,17,2,4,2,14,7,3,1,13,5,2,3,4,2,0
3/1/21,21-Mar,y2021,5025000,NA,53,13,0,12,14,2,0,2,12,1,0,5,12,5,0,3,12,5,0,1,3,0,1
3/2/21,21-Mar,y2021,NA,NA,57,14,14,10,14,2,3,3,13,2,4,3,11,5,2,3,15,5,4,1,4,1,0
3/3/21,21-Mar,y2021,3000000,2000000,54,14,0,3,13,3,0,1,12,2,0,1,11,5,0,0,14,4,0,1,4,0,0
3/4/21,21-Mar,y2021,4075000,2000000,52,13,0,2,13,3,0,0,12,2,0,0,11,5,0,0,12,3,0,2,4,0,0
3/5/21,21-Mar,y2021,3875000,NA,65,12,17,4,19,3,6,0,16,2,4,0,12,4,3,2,14,3,4,2,4,0,0
3/6/21,21-Mar,y2021,NA,1375000,60,11,0,5,16,2,0,3,14,2,0,2,12,4,0,0,14,3,0,0,4,0,0
3/7/21,21-Mar,y2021,3275000,NA,62,12,6,4,17,3,2,1,15,2,2,1,12,4,0,0,16,3,2,0,2,0,2
3/8/21,21-Mar,y2021,2825000,1925000,58,13,0,4,1,3,0,2,13,2,0,2,12,4,0,0,16,4,0,0,2,0,0
3/9/21,21-Mar,y2021,4200000,NA,54,12,0,4,14,3,0,1,11,1,0,2,12,4,0,0,16,4,0,0,1,0,1
3/10/21,21-Mar,y2021,4900000,2750000,59,14,8,3,16,3,2,0,11,2,1,1,16,4,4,0,15,5,1,2,1,0,0
3/11/21,21-Mar,y2021,6725000,3130000,68,14,11,2,17,3,2,1,14,1,4,1,16,4,0,0,19,6,4,0,2,1,0
3/12/21,21-Mar,y2021,NA,NA,NA,NA,NA,NA,NA,NA,NA,NA,NA,NA,NA,NA,NA,NA,NA,NA,NA,NA,NA,NA,NA,NA,NA
3/13/21,21-Mar,y2021,NA,NA,68,19,0,0,17,4,0,0,14,3,0,0,16,5,0,0,19,7,0,0,2,0,0
3/14/21,21-Mar,y2021,NA,NA,67,23,0,1,17,5,0,0,14,3,0,0,15,7,0,1,19,8,0,0,2,0,0
3/15/21,21-Mar,y2021,NA,NA,52,16,0,15,11,1,0,6,10,2,0,4,13,7,0,2,16,6,0,3,2,0,0
3/16/21,21-Mar,y2021,2550000,NA,69,18,20,3,14,1,6,3,13,3,3,0,19,8,6,0,20,6,4,0,3,1,0
3/17/21,21-Mar,y2021,2975000,NA,64,18,0,4,12,1,0,2,12,3,0,1,19,10,0,0,18,4,0,1,3,0,0
3/18/21,21-Mar,y2021,3300000,2075000,62,16,0,2,12,1,0,0,10,1,0,0,19,10,0,0,18,4,0,2,3,0,0
3/19/21,21-Mar,y2021,2550000,2125000,69,21,14,8,12,1,4,4,14,2,4,0,18,9,0,1,21,9,4,2,4,2,1
3/20/21,21-Mar,y2021,2630000,2245000,69,21,0,0,21,1,0,0,14,2,0,0,18,9,0,0,21,9,0,0,4,0,0
3/21/21,21-Mar,y2021,4000000,3775000,60,22,0,9,20,1,0,1,13,6,0,1,16,8,0,2,16,7,0,5,4,0,0
3/22/21,21-Mar,y2021,2125000,1525000,61,22,1,0,11,1,0,0,13,6,0,0,17,8,1,0,16,7,0,0,4,0,0
3/23/21,21-Mar,y2021,3400000,2050000,59,18,8,10,12,0,4,2,16,5,4,1,13,6,0,4,15,7,0,1,3,0,1
3/24/21,21-Mar,y2021,3825000,NA,60,18,4,3,12,0,0,0,16,5,0,0,12,6,0,1,17,7,4,2,3,0,0
3/25/21,21-Mar,y2021,2550000,1975000,54,15,0,6,12,0,0,0,12,3,0,4,11,5,0,1,17,7,0,0,2,0,1
3/26/21,21-Mar,y2021,NA,NA,49,13,0,5,11,0,0,1,11,3,0,1,10,4,0,1,15,6,0,2,2,0,0
3/27/21,21-Mar,y2021,2025000,NA,45,11,0,4,10,0,0,1,11,3,0,0,9,3,0,1,14,5,0,1,1,0,1
3/28/21,21-Mar,y2021,2400000,1025000,56,13,14,3,12,0,4,2,14,3,4,1,13,4,4,0,14,6,0,0,3,2,0
3/29/21,21-Mar,y2021,NA,NA,50,15,0,6,10,0,0,2,12,3,0,2,13,5,0,0,12,7,0,2,3,0,0
3/30/21,21-Mar,y2021,1130000,750000,64,13,19,5,11,0,4,3,16,3,4,0,16,4,4,1,15,6,4,1,6,3,0
3/31/21,21-Mar,y2021,4200000,1425000,59,15,0,5,10,1,0,1,15,4,0,1,14,5,0,2,14,5,0,1,6,0,0
4/1/21,21-Apr,y2021,2175000,1500000,52,12,0,7,10,1,0,0,10,2,0,5,13,5,0,1,13,4,0,1,6,0,0
4/2/21,21-Apr,y2021,2200000,NA,48,12,0,4,10,2,0,0,9,1,0,1,13,5,0,0,10,4,0,3,6,0,0
4/3/21,21-Apr,y2021,1600000,NA,48,12,0,0,10,2,0,0,9,1,0,0,13,5,0,0,10,4,0,0,6,0,0
4/4/21,21-Apr,y2021,1750000,NA,62,12,14,0,14,2,4,0,13,1,4,0,15,5,2,0,14,4,4,0,6,0,0
4/5/21,21-Apr,y2021,NA,NA,57,12,0,5,12,2,0,2,13,1,0,0,15,5,0,0,13,4,0,1,4,0,2
4/6/21,21-Apr,y2021,2900000,1725000,57,13,0,0,12,2,0,0,13,1,0,0,15,5,0,0,13,5,0,0,4,0,0
4/7/21,21-Apr,y2021,NA,1125000,66,14,14,5,16,2,4,0,15,2,4,2,17,5,2,0,17,5,4,0,1,0,3
4/8/21,21-Apr,y2021,NA,NA,61,12,0,5,15,2,0,1,13,1,0,2,17,6,0,0,15,3,0,2,1,0,0
4/9/21,21-Apr,y2021,NA,NA,59,15,0,2,14,2,0,1,12,1,0,1,17,9,0,0,15,3,0,0,1,0,0
4/10/21,21-Apr,y2021,4775000,3150000,57,16,0,2,14,3,0,0,12,1,0,0,17,9,0,0,13,3,0,2,1,0,0
4/11/21,21-Apr,y2021,2975000,NA,73,18,18,3,17,2,4,1,16,3,4,0,21,10,5,2,17,3,4,0,2,1,0
4/12/21,21-Apr,y2021,3575000,NA,69,18,0,4,15,2,0,2,14,3,0,2,21,10,0,0,17,4,0,0,2,0,0
4/13/21,21-Apr,y2021,2600000,NA,62,17,0,6,10,0,0,5,14,2,0,0,20,11,0,0,16,4,0,1,2,0,0
4/14/21,21-Apr,y2021,2525000,2225000,NA,NA,NA,NA,NA,NA,NA,NA,NA,NA,NA,NA,NA,NA,NA,NA,NA,NA,NA,NA,NA,NA,NA
4/15/21,21-Apr,y2021,NA,NA,57,22,5,9,10,3,2,1,12,4,1,3,18,9,1,3,15,6,1,1,1,0,1
4/16/21,21-Apr,y2021,NA,NA,53,20,0,4,9,2,0,1,9,3,0,3,18,9,0,0,15,6,0,0,1,0,0
4/17/21,21-Apr,y2021,2540000,2150000,54,17,6,5,9,2,2,2,12,3,3,0,16,6,1,3,16,6,0,0,1,0,0
4/18/21,21-Apr,y2021,2450000,2150000,51,13,2,5,9,2,0,0,11,2,0,1,15,4,0,1,15,5,2,3,1,0,0
4/19/21,21-Apr,y2021,NA,2100000,44,15,0,7,6,2,0,3,11,2,0,0,13,5,0,2,14,6,0,1,0,0,1
4/20/21,21-Apr,y2021,4475000,NA,49,15,6,1,6,2,0,0,12,2,1,0,16,4,4,1,14,7,0,0,1,1,0
4/21/21,21-Apr,y2021,3875000,NA,47,15,0,2,5,1,0,1,12,3,0,0,15,4,0,1,14,7,0,0,1,0,0
4/22/21,21-Apr,y2021,2825000,2250000,61,14,19,5,9,1,5,1,15,2,4,1,15,5,2,2,22,6,8,0,0,0,1
4/23/21,21-Apr,y2021,3150000,2100000,56,17,0,5,8,1,0,1,15,4,0,0,13,4,0,2,20,8,0,2,0,0,0
4/24/21,21-Apr,y2021,2475000,2450000,50,16,0,6,7,0,0,1,14,5,0,1,11,4,0,2,18,7,0,2,0,0,0
4/25/21,21-Apr,y2021,NA,NA,49,21,0,1,7,2,0,0,13,6,0,1,11,5,0,0,18,8,0,0,,,
4/26/21,21-Apr,y2021,NA,NA,49,21,0,0,7,2,0,0,13,6,0,0,11,5,0,0,18,8,0,0,,,
4/27/21,21-Apr,y2021,4100000,1975000,61,25,12,0,1,2,4,0,17,8,4,0,11,5,0,0,22,10,4,0,0,0,0
4/28/21,21-Apr,y2021,3600000,NA,57,23,0,4,1,2,0,0,14,6,0,3,10,3,0,1,22,10,0,0,0,0,0
4/29/21,21-Apr,y2021,3700000,NA,56,23,0,1,10,2,0,1,14,6,0,0,10,3,0,0,22,10,0,0,0,0,0
4/30/21,21-Apr,y2021,3215000,NA,58,22,4,2,9,2,0,1,13,6,0,1,14,4,4,0,22,10,0,0,0,0,0
5/1/21,21-May,y2021,220000,NA,57,21,0,1,9,2,0,0,13,6,0,0,14,4,0,0,21,9,0,1,0,0,0
5/2/21,21-May,y2021,3400000,1842000,61,21,2,0,11,2,2,0,15,6,2,0,14,4,0,0,21,9,0,0,0,0,0
5/3/21,21-May,y2021,NA,2375000,NA,31,2,3,11,3,0,0,14,5,0,1,13,8,0,1,21,15,0,1,0,0,0
5/4/21,21-May,y2021,NA,NA,56,30,0,4,10,3,0,1,14,5,0,0,11,7,0,2,22,15,2,1,0,0,0
5/5/21,21-May,y2021,NA,NA,54,29,0,2,10,3,0,0,13,5,0,1,11,6,0,0,21,14,0,1,0,0,0
5/6/21,21-May,y2021,3225000,NA,55,31,3,1,9,4,0,0,12,7,0,1,12,6,1,0,20,14,0,0,2,2,0
5/7/21,21-May,y2021,5475000,NA,53,37,0,2,9,7,0,0,12,8,0,0,12,6,0,0,20,16,0,2,2,0,0
5/8/21,21-May,y2021,4300000,NA,51,35,0,2,9,7,0,0,11,7,0,1,12,6,0,0,18,15,0,1,2,0,0
5/9/21,21-May,y2021,NA,3925000,53,34,4,2,10,7,1,0,11,7,1,1,13,6,1,0,17,14,0,1,2,0,0
5/10/21,21-May,y2021,NA,2425000,58,36,6,1,12,7,2,0,13,7,2,0,14,8,2,1,17,14,1,0,2,0,0
5/11/21,21-May,y2021,NA,3475000,58,37,0,0,12,7,0,0,13,8,0,0,14,8,0,0,17,14,0,0,2,0,0
5/12/21,21-May,y2021,3500000,NA,64,42,6,0,14,9,2,0,15,10,2,0,15,9,1,0,17,14,0,0,2,0,0
5/13/21,21-May,y2021,5625000,3700000,71,41,9,2,15,9,1,0,17,10,2,0,19,8,5,1,18,14,1,1,2,0,0
5/14/21,21-May,y2021,5075000,3575000,71,41,0,0,15,9,0,0,17,10,0,0,19,8,0,0,18,14,1,0,2,0,0
5/15/21,21-May,y2021,NA,NA,71,41,0,0,15,9,0,0,17,10,0,0,19,8,0,0,18,14,0,0,2,0,0
5/16/21,21-May,y2021,NA,NA,71,40,0,0,15,9,0,0,17,10,0,0,19,8,0,0,18,14,0,0,2,0,0
5/17/21,21-May,y2021,4225000,1725000,64,40,0,7,11,5,0,4,16,9,0,1,19,10,0,0,18,16,0,0,0,0,2
5/18/21,21-May,y2021,3325000,3150000,67,38,6,3,14,5,3,0,15,7,1,2,20,10,2,1,18,16,0,0,0,0,0
5/19/21,21-May,y2021,3725000,2325000,77,38,10,0,19,5,5,0,17,7,2,0,21,10,1,0,20,16,2,0,0,0,0
5/20/21,21-May,y2021,3375000,2775000,77,39,0,0,19,5,0,0,17,8,0,0,21,10,0,0,20,16,0,0,0,0,0
5/21/21,21-May,y2021,5175000,3550000,81,42,5,1,19,6,1,1,20,8,3,0,21,12,0,0,21,16,1,0,0,0,0
5/22/21,21-May,y2021,NA,3250000,80,44,3,3,16,5,0,3,20,9,0,0,22,12,1,0,22,18,1,0,0,0,0
5/23/21,21-May,y2021,NA,NA,NA,NA,NA,NA,NA,NA,NA,NA,NA,NA,NA,NA,NA,NA,NA,NA,NA,NA,NA,NA,NA,NA,NA
5/24/21,21-May,y2021,4000000,NA,81,51,0,0,17,6,0,0,21,12,0,0,22,15,0,0,21,18,0,0,0,0,0
5/25/21,21-May,y2021,3550000,NA,76,48,0,7,16,7,0,1,17,8,0,4,22,16,0,1,21,17,0,1,0,0,0
5/26/21,21-May,y2021,3100000,NA,74,47,0,2,16,8,0,0,16,7,0,1,22,16,0,0,20,16,0,1,0,0,0
5/27/21,21-May,y2021,5525000,NA,85,49,14,1,18,10,3,1,20,7,4,0,23,16,2,0,24,16,4,0,1,1,0
5/28/21,21-May,y2021,4500000,3625000,85,52,0,0,18,10,0,0,20,9,0,0,23,17,0,0,24,16,0,0,1,0,0
5/29/21,21-May,y2021,3925000,3650000,85,58,0,0,18,10,0,0,20,11,0,0,23,18,0,0,24,19,0,0,1,0,0
5/30/21,21-May,y2021,4500000,3125000,85,65,0,0,18,12,0,0,20,13,0,0,23,21,0,0,24,19,0,0,1,0,0
5/31/21,21-May,y2021,4900000,3225000,84,65,0,1,18,12,0,0,20,13,0,0,22,21,0,1,24,19,0,0,1,0,0
6/1/21,21-Jun,y2021,4050000,3700000,84,65,0,0,18,12,0,0,20,13,0,0,22,20,0,0,24,19,0,0,1,0,0
6/2/21,21-Jun,y2021,6000000,3900000,85,71,0,0,18,15,0,0,20,16,0,0,22,20,0,0,24,20,0,0,1,0,0
6/3/21,21-Jun,y2021,4450000,3400000,83,69,0,2,17,14,0,1,20,16,0,0,22,20,0,0,23,19,0,1,1,0,0
6/4/21,21-Jun,y2021,4450000,3175000,89,69,6,0,19,14,2,0,22,16,2,0,23,20,1,0,23,19,0,0,2,1,0
6/5/21,21-Jun,y2021,4450000,NA,89,69,0,0,19,14,0,0,22,16,0,0,23,20,0,0,23,19,0,0,2,0,0
6/6/21,21-Jun,y2021,NA,NA,89,69,0,0,19,14,0,0,22,16,0,0,23,20,0,0,23,19,0,0,2,0,0
6/7/21,21-Jun,y2021,4500000,2250000,82,63,0,7,17,13,0,2,20,14,0,2,21,18,0,2,22,18,0,1,2,0,0
6/8/21,21-Jun,y2021,3950000,2950000,88,67,7,1,19,14,2,0,22,14,2,0,212,18,1,1,23,21,1,0,3,1,0
6/9/21,21-Jun,y2021,3750000,2725000,86,67,0,2,19,14,0,0,21,14,0,1,21,18,0,0,22,21,0,1,3,0,0
6/10/21,21-Jun,y2021,3425000,3050000,83,64,0,3,19,14,0,0,21,14,0,0,19,16,0,2,21,20,0,1,3,0,0
6/11/21,21-Jun,y2021,3875000,2725000,90,64,10,3,21,14,3,1,22,16,2,0,21,16,2,0,22,18,3,2,3,0,0
6/12/21,21-Jun,y2021,4375000,2950000,90,64,0,0,21,14,0,0,23,16,0,0,21,16,0,0,22,18,0,0,3,0,0
6/13/21,21-Jun,y2021,4160000,2925000,90,64,0,0,21,14,0,0,23,16,0,0,21,16,0,0,22,18,0,0,3,0,0
6/14/21,21-Jun,y2021,4875000,3000000,85,64,0,5,21,14,0,0,23,18,0,0,17,15,0,47,21,17,0,1,3,0,0
6/15/21,21-Jun,y2021,5200000,2875000,85,66,0,0,21,16,0,0,23,19,0,0,17,14,0,0,21,17,0,0,3,0,0
6/16/21,21-Jun,y2021,6400000,3000000,93,64,10,2,22,16,1,0,25,19,2,0,18,13,2,1,23,16,3,1,5,2,0
6/17/21,21-Jun,y2021,4625000,2000000,93,64,0,0,22,16,0,0,25,19,0,0,18,13,0,0,23,16,0,0,5,0,0
6/18/21,21-Jun,y2021,3375000,2000000,92,67,0,0,22,15,0,0,25,21,0,0,18,14,0,0,23,17,0,0,4,0,1
6/19/21,21-Jun,y2021,NA,2000000,92,67,0,0,22,15,0,0,25,21,0,0,18,14,0,0,23,17,0,0,4,0,0
6/20/21,21-Jun,y2021,NA,2250000,90,70,0,0,22,16,0,0,24,22,0,1,17,14,0,1,23,18,0,0,4,0,0
6/21/21,21-Jun,y2021,3675000,2175000,97,71,7,0,25,16,3,0,26,22,2,0,17,14,0,0,25,19,2,0,4,0,0
6/22/21,21-Jun,y2021,4125000,2075000,94,71,0,4,22,19,0,0,26,20,0,1,16,14,0,1,23,18,0,2,4,0,0
6/23/21,21-Jun,y2021,3150000,NA,100,71,7,1,25,19,0,0,28,20,2,0,19,14,3,0,24,18,1,0,4,1,1
6/24/21,21-Jun,y2021,4600000,3150000,99,70,2,3,24,18,0,1,29,19,2,1,19,14,0,0,24,19,0,0,3,0,1
6/25/21,21-Jun,y2021,5225000,2550000,106,70,8,2,25,18,2,1,31,19,2,0,21,14,2,0,24,19,0,0,5,2,1
6/26/21,21-Jun,y2021,5325000,3350000,106,71,0,0,25,18,0,0,31,20,0,0,21,14,0,0,24,19,0,0,5,0,0
6/27/21,21-Jun,y2021,5000000,3400000,106,75,0,0,25,20,0,0,31,22,0,0,21,14,0,0,24,19,0,0,5,0,0
6/28/21,21-Jun,y2021,4750000,3775000,106,76,0,0,25,20,0,0,31,22,0,0,21,15,0,0,24,19,0,0,5,0,0
6/29/21,21-Jun,y2021,4525000,3800000,105,79,0,1,25,20,0,0,31,23,0,0,20,15,0,1,24,21,0,0,5,0,0
6/30/21,21-Jun,y2021,5425000,2225000,102,81,0,3,25,22,0,0,31,23,0,0,20,15,0,0,24,21,0,0,2,0,3
7/1/21,21-Jul,y2021,4500000,3775000,102,81,0,0,25,22,0,0,31,23,0,0,20,15,0,0,24,21,0,0,2,0,0
7/2/21,21-Jul,y2021,4775000,4400000,107,80,10,5,26,22,1,0,32,24,1,0,21,13,4,3,25,21,3,2,3,1,0
7/3/21,21-Jul,y2021,3775000,4775000,106,82,0,1,26,22,0,0,31,24,0,0,21,15,0,0,25,21,0,0,3,0,0
7/4/21,21-Jul,y2021,4300000,2800000,106,82,0,0,26,22,0,0,31,24,0,0,21,15,0,0,25,21,0,0,3,0,0
7/5/21,21-Jul,y2021,4525000,4225000,112,84,9,3,28,23,2,0,32,24,3,2,23,16,2,0,24,21,0,1,5,2,0
7/6/21,21-Jul,y2021,3850000,4425000,111,84,0,1,28,23,0,0,32,25,0,0,222,15,0,1,24,21,0,0,5,0,0
7/7/21,21-Jul,y2021,4900000,4500000,108,83,0,3,28,24,0,0,32,26,0,0,20,13,0,2,23,20,0,1,5,0,0
7/8/21,21-Jul,y2021,4450000,4500000,105,82,0,3,28,24,0,0,32,27,0,0,18,12,0,2,22,19,0,1,5,0,0
7/9/21,21-Jul,y2021,4300000,4650000,107,81,4,3,29,24,1,1,31,26,0,1,19,12,2,1,23,19,1,0,5,0,0
7/10/21,21-Jul,y2021,5050000,3050000,106,81,0,1,29,24,0,0,31,26,0,0,18,12,0,1,23,19,0,0,5,0,0
7/11/21,21-Jul,y2021,5250000,3725000,104,80,0,2,29,24,0,0,30,26,0,1,17,11,0,1,23,19,0,0,5,0,0
7/12/21,21-Jul,y2021,4175000,3775000,96,80,0,8,29,25,0,0,29,26,0,1,17,13,0,0,17,16,0,6,4,0,1
7/13/21,21-Jul,y2021,4875000,3625000,93,77,0,3,28,24,0,1,29,26,0,0,16,12,0,1,16,15,0,1,4,0,0
7/14/21,21-Jul,y2021,5625000,NA,91,75,0,2,27,23,0,1,28,25,0,1,16,12,0,0,16,15,0,0,4,0,0
7/15/21,21-Jul,y2021,3425000,NA,89,77,0,3,27,25,0,0,27,25,0,2,15,12,0,1,16,15,0,0,4,0,0
7/16/21,21-Jul,y2021,3450000,3000000,95,77,6,0,29,25,0,0,29,25,2,0,15,12,0,0,17,15,1,0,5,0,0
7/17/21,21-Jul,y2021,3825000,3175000,94,76,0,1,29,24,0,1,29,25,0,0,15,12,0,0,17,15,0,0,4,0,1
7/18/21,21-Jul,y2021,3475000,3240000,92,76,0,0,28,24,0,0,29,25,0,0,15,12,0,0,17,15,0,0,4,0,0
7/19/21,21-Jul,y2021,NA,3175000,92,76,0,0,28,24,0,0,29,25,0,0,15,12,0,0,17,15,0,0,4,0,0
7/20/21,21-Jul,y2021,4550000,NA,95,73,8,5,29,24,2,0,31,25,2,0,14,9,2,3,17,15,1,1,4,1,1
7/21/21,21-Jul,y2021,3330000,NA,93,73,0,2,29,24,0,0,29,25,0,2,14,9,0,0,17,15,0,0,4,0,0
7/22/21,21-Jul,y2021,4825000,4050000,90,70,0,3,28,23,0,1,28,24,0,1,14,9,0,0,16,14,0,1,4,0,0
7/23/21,21-Jul,y2021,4975000,4550000,95,70,10,5,29,24,1,0,29,24,1,0,15,9,3,2,18,13,4,2,4,1,1
7/24/21,21-Jul,y2021,4875000,4625000,92,67,0,3,28,23,0,1,29,24,0,0,13,7,0,0,18,13,0,2,4,0,0
7/25/21,21-Jul,y2021,4875000,3300000,88,69,0,4,28,25,0,0,28,25,0,1,12,7,0,1,17,12,0,1,3,0,1
7/26/21,21-Jul,y2021,4350000,NA,92,69,6,2,28,25,0,0,27,25,0,1,15,7,3,1,19,12,3,0,3,0,0
7/27/21,21-Jul,y2021,NA,NA,92,69,0,0,28,25,0,0,27,25,0,0,15,7,0,0,19,12,0,0,3,0,0
7/28/21,21-Jul,y2021,NA,NA,87,70,0,5,28,25,0,0,27,25,0,0,12,8,0,3,19,12,0,0,1,0,2
7/29/21,21-Jul,y2021,3875000,3175000,87,74,0,0,28,27,0,0,27,26,0,0,12,8,0,0,19,13,0,0,1,0,0
7/30/21,21-Jul,y2021,5050000,3825000,83,74,0,4,27,26,0,1,27,26,0,0,12,9,0,0,16,13,0,3,1,0,0
7/31/21,21-Jul,y2021,4475000,3750000,83,76,0,0,27,26,0,0,27,27,0,0,12,10,0,0,16,13,0,0,1,0,0
8/1/21,21-Aug,y2021,4375000,3750000,95,76,12,0,30,26,3,0,30,27,3,0,15,10,3,0,19,13,3,0,1,0,0
8/2/21,21-Aug,y2021,3575000,3250000,92,76,0,3,30,27,0,0,30,27,0,0,14,9,0,1,17,13,0,2,1,0,0
8/3/21,21-Aug,y2021,4225000,3325000,91,75,0,1,30,27,0,0,30,227,0,0,14,9,0,0,16,12,0,1,1,0,0
8/4/21,21-Aug,y2021,5000000,3750000,89,75,0,2,30,27,0,0,29,26,0,1,14,9,0,0,15,12,0,1,1,0,0
8/5/21,21-Aug,y2021,5000000,3650000,98,76,10,1,32,27,2,0,31,26,2,0,15,10,2,1,17,12,2,0,3,2,0
8/6/21,21-Aug,y2021,4600000,3625000,98,71,0,6,30,25,0,2,29,23,0,2,13,8,0,2,17,12,0,0,3,0,0
8/7/21,21-Aug,y2021,NA,3240000,92,68,0,0,30,25,0,0,29,23,0,0,13,8,0,0,17,12,0,0,3,0,0
8/8/21,21-Aug,y2021,NA,NA,92,68,0,0,30,25,0,0,29,23,0,0,13,8,0,0,17,12,0,0,3,0,0
8/9/21,21-Aug,y2021,NA,NA,96,68,4,0,31,25,1,0,30,23,1,0,14,8,1,0,18,12,1,0,3,0,0
8/10/21,21-Aug,y2021,NA,2625000,96,68,0,0,31,25,0,0,30,23,0,0,14,8,0,0,18,12,0,0,3,0,0
8/11/21,21-Aug,y2021,4600000,2375000,94,76,0,2,31,26,0,0,29,25,0,1,13,10,0,1,18,15,0,0,3,0,0
8/12/21,21-Aug,y2021,4925000,3275000,92,77,1,3,30,27,0,1,28,25,0,1,13,9,1,1,18,16,0,0,3,0,0
8/13/21,21-Aug,y2021,4625000,3500000,94,80,8,5,32,29,2,0,29,28,2,1,11,6,2,4,20,17,2,0,2,0,1
8/14/21,21-Aug,y2021,4325000,3650000,89,73,0,5,32,29,0,0,27,24,0,2,111,6,0,0,17,14,0,3,2,0,0
8/15/21,21-Aug,y2021,4700000,4075000,97,74,8,0,34,29,2,0,29,24,2,0,13,6,2,0,19,15,2,0,2,0,0
8/16/21,21-Aug,y2021,4175000,3775000,93,72,0,4,33,29,0,1,28,23,0,1,13,7,0,0,17,13,0,2,2,0,0
8/17/21,21-Aug,y2021,5075000,NA,93,72,0,0,33,29,0,0,28,23,0,0,13,7,0,0,17,13,0,0,2,0,0
8/18/21,21-Aug,y2021,NA,NA,91,73,0,2,33,29,0,0,27,23,0,1,13,9,0,0,16,12,0,1,2,0,0
8/19/21,21-Aug,y2021,4850000,NA,97,70,9,3,35,29,2,0,29,22,3,1,15,9,2,0,16,10,2,2,2,0,0
8/20/21,21-Aug,y2021,NA,NA,97,70,0,0,NA,NA,NA,NA,NA,NA,NA,NA,NA,NA,NA,NA,NA,NA,NA,NA,NA,NA,NA
8/21/21,21-Aug,y2021,NA,NA,97,70,0,0,NA,NA,NA,NA,NA,NA,NA,NA,NA,NA,NA,NA,NA,NA,NA,NA,NA,NA,NA
8/22/21,21-Aug,y2021,NA,NA,97,70,0,0,NA,NA,NA,NA,NA,NA,NA,NA,NA,NA,NA,NA,NA,NA,NA,NA,NA,NA,NA
8/23/21,21-Aug,y2021,3775000,3200000,90,81,0,7,32,32,0,2,27,25,0,2,12,9,0,3,17,15,0,0,2,0,0
8/24/21,21-Aug,y2021,4100000,3075000,90,82,0,1,32,32,0,0,27,25,0,0,12,11,0,0,16,14,0,1,2,0,0
8/25/21,21-Aug,y2021,4500000,3900000,84,77,0,5,31,30,0,2,24,22,0,3,12,11,0,0,15,14,0,1,2,0,0
8/26/21,21-Aug,y2021,4700000,3300000,98,77,16,2,35,30,4,0,26,22,4,2,16,11,4,0,19,14,4,0,2,0,0
8/27/21,21-Aug,y2021,4550000,3000000,98,77,0,0,35,30,0,0,26,22,0,0,16,11,0,0,19,14,0,0,2,0,0
2/18/22,22-Feb,y2022,NA,NA,14,0,14,0,4,0,4,0,4,0,4,0,2,0,2,0,4,0,4,0,0,0,0
2/19/22,22-Feb,y2022,NA,NA,19,0,5,0,6,0,2,0,6,0,2,0,2,0,0,0,5,0,1,0,0,0,0
2/20/22,22-Feb,y2022,NA,NA,19,0,0,0,6,0,0,0,6,0,0,0,2,0,0,0,5,0,0,0,0,0,0
2/21/22,22-Feb,y2022,NA,NA,19,0,0,0,6,0,0,0,6,0,0,0,2,0,0,0,5,0,0,0,0,0,0
2/22/22,22-Feb,y2022,NA,NA,19,0,0,0,6,0,0,0,6,0,0,0,2,0,0,0,5,0,0,0,0,0,0
2/23/22,22-Feb,y2022,NA,NA,19,0,0,0,6,0,0,0,6,0,0,0,2,0,0,0,5,0,0,0,0,0,0
2/24/22,22-Feb,y2022,NA,NA,26,0,7,0,8,0,2,0,8,0,2,0,4,0,2,0,6,0,1,0,0,0,0
2/25/22,22-Feb,y2022,NA,NA,26,0,0,0,8,0,0,0,8,0,0,0,4,0,0,0,6,0,0,0,0,0,0
2/26/22,22-Feb,y2022,NA,NA,26,0,0,0,8,0,0,0,8,0,0,0,4,0,0,0,6,0,0,0,0,0,0
2/27/22,22-Feb,y2022,NA,NA,30,0,4,0,8,0,0,0,8,0,0,0,6,0,2,0,8,0,2,0,0,0,0
2/28/22,22-Feb,y2022,NA,NA,30,0,0,0,8,0,0,0,8,0,0,0,6,0,0,0,8,0,0,0,0,0,0
3/1/22,22-Mar,y2022,NA,NA,30,0,0,0,8,0,0,0,8,0,0,0,6,0,0,0,8,0,0,0,0,0,0
3/2/22,22-Mar,y2022,NA,NA,30,0,0,0,8,0,0,0,8,0,0,0,6,0,0,0,8,0,0,0,0,0,0
3/3/22,22-Mar,y2022,NA,NA,38,0,8,0,10,0,2,0,10,0,2,0,8,0,2,0,10,0,2,0,0,0,0
3/4/22,22-Mar,y2022,NA,NA,43,0,5,0,12,0,2,0,12,0,2,0,9,0,1,0,10,0,0,0,0,0,0
3/5/22,22-Mar,y2022,NA,NA,43,14,0,0,12,5,0,0,12,6,0,0,9,0,0,0,10,3,0,0,0,0,0
3/6/22,22-Mar,y2022,NA,NA,50,17,7,0,14,5,2,0,12,6,0,0,10,2,1,0,12,4,2,0,2,2,0
3/7/22,22-Mar,y2022,5500000,NA,52,19,2,0,14,6,0,0,14,6,2,0,10,2,0,0,12,5,0,0,2,0,0
3/8/22,22-Mar,y2022,4950000,NA,52,22,0,0,14,8,0,0,14,7,0,0,10,2,0,0,12,5,0,0,2,0,0
3/9/22,22-Mar,y2022,5075000,NA,56,24,4,0,14,8,0,0,14,8,0,0,12,3,2,0,14,5,2,0,2,0,0
3/10/22,22-Mar,y2022,5675000,5000000,56,24,4,0,14,8,0,0,14,8,0,0,12,3,2,0,14,5,2,0,2,0,0
3/11/22,22-Mar,y2022,5425000,5200000,56,30,6,0,14,8,0,0,14,9,0,0,12,6,0,0,14,7,0,0,2,0,0
3/12/22,22-Mar,y2022,5200000,5050000,56,33,3,0,14,8,0,0,14,10,0,0,12,6,0,0,14,9,0,0,2,0,0
3/13/22,22-Mar,y2022,4750000,4675000,64,33,8,0,16,8,2,0,16,10,2,0,14,6,2,0,16,9,0,0,2,0,0
3/14/22,22-Mar,y2022,4875000,4475000,64,36,0,0,16,9,0,0,16,10,0,0,14,7,0,0,16,10,0,0,2,0,0
3/15/22,22-Mar,y2022,4000000,3525000,64,38,0,0,16,10,0,0,16,11,0,0,14,7,0,0,16,10,0,0,2,0,0
3/16/22,22-Mar,y2022,4300000,3675000,64,44,0,0,16,13,0,0,16,14,0,0,14,7,0,0,16,10,0,0,2,0,0
3/17/22,22-Mar,y2022,4175000,3700000,72,44,8,0,18,13,2,0,18,14,2,0,16,7,2,0,18,10,2,0,2,0,0
3/18/22,22-Mar,y2022,3975000,4375000,72,51,0,0,18,14,0,0,18,14,0,0,16,10,0,0,18,13,0,0,2,0,0
3/19/22,22-Mar,y2022,NA,4120000,72,51,0,0,18,14,0,0,18,14,0,0,16,10,0,0,18,13,0,0,2,0,0
3/20/22,22-Mar,y2022,NA,NA,75,53,3,0,18,14,0,0,19,14,1,0,17,11,1,0,19,14,1,0,2,0,0
3/21/22,22-Mar,y2022,NA,NA,80,54,5,0,20,14,2,0,20,14,1,0,18,12,1,0,20,14,1,0,2,0,0
3/22/22,22-Mar,y2022,3325000,NA,80,54,0,0,20,14,0,0,20,14,0,0,18,12,0,0,20,14,0,0,2,0,0
3/23/22,22-Mar,y2022,3150000,NA,80,57,0,0,20,14,0,0,20,14,0,0,18,13,0,0,20,16,0,0,2,0,0
3/24/22,22-Mar,y2022,4900000,NA,88,60,8,0,22,16,2,0,22,14,2,0,20,14,2,0,22,16,2,0,2,0,0
3/25/22,22-Mar,y2022,3200000,3775000,88,62,0,0,22,16,0,0,22,16,0,0,20,14,0,0,22,16,0,0,2,0,0
3/26/22,22-Mar,y2022,3925000,3700000,85,62,0,3,22,16,0,0,21,15,0,1,20,14,0,0,22,17,0,0,0,0,2
3/27/22,22-Mar,y2022,3575000,3250000,93,65,8,0,24,16,2,0,23,16,2,0,22,15,2,0,24,18,2,0,0,0,0
3/28/22,22-Mar,y2022,3925000,3500000,93,68,0,0,24,18,0,0,23,16,0,0,22,16,0,0,24,18,0,0,0,0,0
3/29/22,22-Mar,y2022,4900000,3525000,102,68,9,0,25,18,1,0,25,16,2,0,24,16,2,0,26,18,2,0,2,2,0
3/30/22,22-Mar,y2022,3450000,2930000,102,68,0,0,25,18,0,0,25,16,0,0,24,16,0,0,26,18,0,0,2,0,0
3/31/22,22-Mar,y2022,NA,NA,102,74,0,0,25,18,0,0,25,18,0,0,24,18,0,0,26,20,0,0,2,0,0
4/1/22,22-Apr,y2022,3950000,2620000,102,74,0,0,25,18,0,0,25,18,0,0,24,18,0,0,26,20,0,0,2,0,0
4/2/22,22-Apr,y2022,3375000,3275000,102,76,0,0,25,20,0,0,25,18,0,0,24,18,0,0,26,20,0,0,2,0,0
4/3/22,22-Apr,y2022,3200000,3375000,108,76,6,0,27,20,2,0,27,18,2,0,24,18,0,0,28,20,2,0,2,0,0
4/4/22,22-Apr,y2022,NA,NA,108,81,0,0,27,22,0,0,27,19,0,0,24,20,0,0,28,20,0,0,2,0,0
4/5/22,22-Apr,y2022,2950000,2820000,108,81,0,0,27,22,0,0,27,19,0,0,24,20,0,0,28,20,0,0,2,0,0
4/6/22,22-Apr,y2022,3625000,2750000,119,83,12,1,29,22,2,0,28,19,2,1,28,21,4,0,30,21,2,0,4,2,0
4/7/22,22-Apr,y2022,3850000,3800000,119,86,0,0,29,22,0,0,28,20,0,0,28,22,0,0,30,22,0,0,4,0,0
4/8/22,22-Apr,y2022,3425000,3350000,119,91,0,0,29,23,0,0,28,21,0,0,28,23,0,0,30,24,0,0,4,0,0
4/9/22,22-Apr,y2022,3525000,3275000,117,97,0,2,29,24,0,0,28,23,0,0,28,24,0,0,30,26,0,0,2,0,2
4/10/22,22-Apr,y2022,3450000,3175000,115,96,0,2,29,24,0,0,26,22,0,2,28,24,0,0,30,26,0,0,2,0,0
4/11/22,22-Apr,y2022,3650000,3025000,123,100,8,0,31,26,2,0,28,23,2,0,30,24,2,0,32,27,2,0,2,0,0
4/12/22,22-Apr,y2022,2725000,3275000,128,99,8,3,33,26,2,0,29,23,2,1,31,23,2,1,33,27,2,1,2,0,0
4/13/22,22-Apr,y2022,3725000,2725000,128,100,0,0,33,26,0,0,29,23,0,0,31,23,0,0,33,27,0,0,2,0,0
4/14/22,22-Apr,y2022,3275000,2275000,128,102,0,0,33,27,0,0,29,23,0,0,31,24,0,0,33,28,0,0,2,0,0
4/15/22,22-Apr,y2022,2700000,2375000,128,103,0,0,33,27,0,0,29,23,0,0,31,25,0,0,33,28,0,0,2,0,0
4/16/22,22-Apr,y2022,3125000,3200000,128,104,0,0,33,27,0,0,29,23,0,0,31,26,0,0,33,28,0,0,2,0,0
4/17/22,22-Apr,y2022,3275000,3175000,132,100,9,5,31,24,1,3,30,22,2,1,32,25,2,1,35,29,2,0,4,2,0
4/18/22,22-Apr,y2022,3175000,3600000,132,106,0,0,31,25,0,0,30,25,0,0,32,27,0,0,35,29,0,0,4,0,0
4/19/22,22-Apr,y2022,NA,1800000,132,106,0,0,31,25,0,0,30,25,0,0,32,27,0,0,35,29,0,0,4,0,0
4/20/22,22-Apr,y2022,3550000,2800000,131,106,0,1,31,25,0,0,30,25,0,0,32,27,0,0,35,29,0,0,3,0,1
4/21/22,22-Apr,y2022,2750000,2125000,131,106,0,0,31,25,0,0,30,25,0,0,32,27,0,0,35,29,0,0,3,0,0
4/22/22,22-Apr,y2022,2900000,2625000,141,114,9,0,33,30,2,0,32,26,2,0,34,28,2,0,36,30,1,0,5,2,0
4/23/22,22-Apr,y2022,2900000,2750000,141,114,0,0,33,30,0,0,32,26,0,0,34,28,0,0,36,30,0,0,5,2,0
4/24/22,22-Apr,y2022,2800000,2650000,141,114,0,0,33,30,0,0,32,26,0,0,34,28,0,0,36,30,0,0,5,2,0
4/25/22,22-Apr,y2022,3125000,3000000,142,117,7,5,34,30,1,0,32,27,1,1,35,29,2,1,36,31,2,2,5,1,1
4/26/22,22-Apr,y2022,3450000,3625000,142,110,7,7,34,28,2,2,32,25,2,2,35,27,2,2,36,30,1,1,5,0,0
4/27/22,22-Apr,y2022,3650000,3450000,142,113,0,0,34,28,0,0,32,25,0,0,35,29,0,0,36,31,0,0,5,0,0
4/28/22,22-Apr,y2022,3575000,3500000,142,115,0,0,34,28,0,0,32,27,0,0,35,29,0,0,36,31,0,0,5,0,0
4/29/22,22-Apr,y2022,3675000,NA,142,116,0,0,34,28,0,0,32,27,0,0,35,29,0,0,36,32,0,0,5,0,0
4/30/22,22-Apr,y2022,2700000,2925000,142,118,0,0,34,29,0,0,32,27,0,0,35,29,0,0,36,33,0,0,5,0,0
5/1/22,22-May,y2022,2975000,3050000,140,119,0,2,34,30,0,0,32,27,0,0,35,31,0,0,34,31,0,2,5,0,0
5/2/22,22-May,y2022,3025000,3525000,138,113,6,8,34,30,0,0,33,27,1,0,36,30,2,1,31,26,2,5,4,1,2
5/3/22,22-May,y2022,3125000,3050000,138,115,0,0,34,30,0,0,33,29,0,0,36,30,0,0,31,26,0,0,4,0,0
5/4/22,22-May,y2022,3500000,3375000,133,110,0,5,32,28,0,2,32,28,0,1,34,28,0,2,31,26,0,0,4,0,0
5/5/22,22-May,y2022,3500000,3200000,133,110,0,0,32,28,0,0,32,28,0,0,34,28,0,0,31,26,0,0,4,0,0
5/6/22,22-May,y2022,3225000,3150000,141,110,8,1,34,28,2,0,33,28,1,0,36,29,2,0,32,26,1,0,5,2,1
5/7/22,22-May,y2022,3450000,3350000,141,110,0,0,34,28,0,0,33,28,0,0,36,29,0,0,32,26,0,0,5,0,0
5/8/22,22-May,y2022,NA,NA,141,110,0,0,34,28,0,0,33,28,0,0,36,29,0,0,32,26,0,0,5,0,0
5/9/22,22-May,y2022,3450000,2900000,141,117,4,4,34,32,0,0,33,30,0,0,36,29,2,2,32,26,2,2,5,0,0
5/10/22,22-May,y2022,3275000,2275000,140,119,0,0,34,32,0,0,33,32,0,0,36,29,0,0,32,26,0,0,5,0,0
5/11/22,22-May,y2022,2675000,NA,140,119,0,0,34,32,0,0,33,32,0,0,36,29,0,0,32,26,0,0,5,0,0
5/12/22,22-May,y2022,2650000,2625000,136,121,0,4,34,32,0,0,33,31,0,0,35,31,0,1,30,27,0,2,4,0,1
5/13/22,22-May,y2022,2725000,3100000,136,122,0,0,34,32,0,0,33,32,0,0,35,31,0,0,30,27,0,0,4,0,0
5/14/22,22-May,y2022,3050000,2900000,136,122,0,0,34,32,0,0,33,32,0,0,35,31,0,0,30,27,0,0,4,0,0
5/15/22,22-May,y2022,3500000,3125000,137,117,6,5,33,29,2,3,33,30,2,2,36,31,1,0,31,27,1,0,4,0,0
5/16/22,22-May,y2022,3125000,3500000,140,118,4,1,35,30,0,0,33,30,0,0,36,31,0,0,33,27,2,0,5,2,1
5/17/22,22-May,y2022,3300000,3250000,140,118,0,0,35,30,0,0,33,30,0,0,36,31,0,0,33,27,0,0,5,0,0
5/18/22,22-May,y2022,3750000,3275000,140,118,0,0,35,30,0,0,33,30,0,0,36,31,0,0,33,27,0,0,5,0,0
5/19/22,22-May,y2022,NA,4100000,140,122,0,0,35,31,0,0,33,30,0,0,36,32,0,0,33,29,0,0,5,0,0
5/20/22,22-May,y2022,4350000,NA,138,120,0,4,35,31,0,0,33,30,0,0,36,32,0,0,31,27,0,2,3,0,2
5/21/22,22-May,y2022,NA,NA,140,120,2,0,35,31,0,0,33,30,0,0,36,32,0,0,33,27,2,0,3,0,0
5/22/22,22-May,y2022,NA,NA,NA,NA,0,0,35,31,0,0,33,30,0,0,36,32,0,0,33,27,0,0,3,0,0
5/23/22,22-May,y2022,NA,NA,140,125,0,0,35,31,0,0,33,32,0,0,36,35,0,0,33,27,0,0,3,0,0
5/24/22,22-May,y2022,3425000,3025000,134,124,0,4,33,31,0,0,33,32,0,0,35,35,0,1,31,26,0,2,2,0,1
5/25/22,22-May,y2022,3775000,3500000,134,124,0,0,33,31,0,0,33,32,0,0,35,35,0,0,31,26,0,0,2,0,0
5/26/22,22-May,y2022,3350000,3725000,134,128,0,0,33,32,0,0,32,32,0,0,35,35,0,0,31,29,0,0,2,0,0
5/27/22,22-May,y2022,3850000,3500000,134,128,0,0,33,32,0,0,32,32,0,0,35,35,0,0,30,28,0,1,2,0,0
5/28/22,22-May,y2022,3350000,2925000,139,129,5,0,33,33,0,0,32,32,0,0,36,35,1,0,32,28,2,0,4,2,0
5/29/22,22-May,y2022,3325000,3575000,136,128,0,3,32,31,0,1,32,32,0,0,36,35,0,0,32,28,0,0,2,0,2
5/30/22,22-May,y2022,3500000,NA,136,128,0,0,32,31,0,0,32,32,0,0,36,35,0,0,32,28,0,0,2,0,0
5/31/22,22-May,y2022,2950000,3000000,135,128,0,0,32,31,0,0,32,32,0,0,35,34,0,1,32,29,0,0,2,0,0
6/1/22,22-Jun,y2022,3500000,3175000,136,128,0,0,33,31,1,0,32,32,0,0,36,34,2,1,32,29,0,0,2,0,0
6/2/22,22-Jun,y2022,3225000,3050000,136,127,0,0,33,32,0,0,33,33,0,0,36,33,0,0,32,29,0,0,2,0,0
6/3/22,22-Jun,y2022,3300000,3325000,134,124,0,2,33,32,0,0,33,33,0,0,35,32,0,1,31,27,0,1,2,0,0
6/4/22,22-Jun,y2022,2975000,2850000,139,122,5,0,33,32,0,0,33,33,0,0,36,32,1,0,33,25,2,0,4,2,0
6/5/22,22-Jun,y2022,3225000,3100000,138,123,0,0,33,32,0,0,33,33,0,0,36,32,0,0,32,26,0,0,4,0,0
6/6/22,22-Jun,y2022,2975000,3025000,131,117,0,6,33,32,0,0,33,33,0,0,36,32,0,0,25,20,0,6,4,0,0
6/7/22,22-Jun,y2022,3525000,2975000,131,117,0,0,33,32,0,0,33,33,0,0,36,32,0,0,25,20,0,0,4,0,0
6/8/22,22-Jun,y2022,NA,NA,131,118,0,0,33,32,0,0,33,33,0,0,36,33,0,0,25,20,0,0,4,0,0
6/9/22,22-Jun,y2022,3900000,3050000,126,118,0,5,32,31,0,1,33,33,0,0,35,33,0,1,23,21,0,2,3,0,1
6/10/22,22-Jun,y2022,3500000,3350000,126,118,0,0,32,31,0,0,33,33,0,0,35,34,0,0,23,21,0,0,3,0,0
6/11/22,22-Jun,y2022,NA,NA,124,120,0,0,32,32,0,0,33,33,0,0,34,34,0,0,22,21,0,0,3,0,0
6/12/22,22-Jun,y2022,NA,NA,NA,NA,NA,NA,NA,NA,NA,NA,NA,NA,NA,NA,NA,NA,NA,NA,NA,NA,NA,NA,NA,NA,NA
6/13/22,22-Jun,y2022,3675000,2925000,125,119,0,0,32,32,0,0,33,33,0,0,34,33,0,0,23,21,0,0,3,0,0
6/14/22,22-Jun,y2022,3425000,3525000,130,119,8,3,33,32,1,0,33,33,0,0,35,32,2,1,26,22,3,0,3,2,2
6/15/22,22-Jun,y2022,3475000,2625000,130,120,0,0,33,32,0,0,33,33,0,0,35,33,0,0,26,22,0,0,3,0,0
6/16/22,22-Jun,y2022,3025000,3075000,127,117,0,4,32,31,0,1,33,33,0,0,34,31,0,2,26,22,0,0,2,0,1
6/17/22,22-Jun,y2022,3675000,3350000,127,117,0,0,32,31,0,0,33,33,0,0,34,31,0,0,26,22,0,0,2,0,0
6/18/22,22-Jun,y2022,3100000,3625000,127,117,0,0,32,31,0,0,33,33,0,0,34,31,0,0,26,22,0,0,2,0,0
6/19/22,22-Jun,y2022,3100000,2650000,127,117,0,0,32,31,0,0,33,33,0,0,34,31,0,0,26,22,0,0,2,0,0
6/20/22,22-Jun,y2022,2950000,NA,127,117,0,0,32,31,0,0,33,33,0,0,34,31,0,0,26,22,0,0,2,0,0
6/21/22,22-Jun,y2022,2925000,2900000,127,117,0,0,32,31,0,0,33,33,0,0,34,31,0,0,26,22,0,0,2,0,0
6/22/22,22-Jun,y2022,2850000,2775000,130,115,6,3,33,30,2,1,33,33,0,0,36,31,2,0,26,21,2,2,2,0,0
6/23/22,22-Jun,y2022,3025000,3275000,130,115,0,0,33,30,0,0,33,33,0,0,36,31,0,0,26,21,0,0,2,0,0
6/24/22,22-Jun,y2022,3300000,3075000,130,115,0,0,33,30,0,0,33,33,0,0,36,31,0,0,26,21,0,0,2,0,0
6/25/22,22-Jun,y2022,3150000,3050000,130,120,0,0,33,30,0,0,33,33,0,0,36,33,0,0,26,24,0,0,2,0,0
6/26/22,22-Jun,y2022,3475000,3350000,132,118,9,5,33,30,1,1,33,32,1,1,36,32,2,0,28,24,3,1,2,2,2
6/27/22,22-Jun,y2022,3050000,3200000,132,118,0,0,33,30,0,0,33,32,0,0,36,32,0,0,28,24,0,0,2,0,0
6/28/22,22-Jun,y2022,2900000,2025000,132,118,0,0,33,30,0,0,33,32,0,0,36,32,0,0,28,24,0,0,2,0,0
6/29/22,22-Jun,y2022,2775000,2350000,132,118,0,0,33,30,0,0,33,32,0,0,36,32,0,0,28,24,0,0,2,0,0
6/30/22,22-Jun,y2022,2750000,2475000,132,118,0,0,33,30,0,0,33,32,0,0,36,32,0,0,28,24,0,0,2,0,0
7/1/22,22-Jul,y2022,2825000,NA,132,118,0,0,33,30,0,0,33,32,0,0,36,32,0,0,28,24,0,0,2,0,0
7/2/22,22-Jul,y2022,2850000,2800000,132,118,0,0,33,30,0,0,33,32,0,0,36,32,0,0,28,21,0,0,2,0,0
7/3/22,22-Jul,y2022,NA,NA,132,118,0,0,33,30,0,0,33,32,0,0,36,32,0,0,28,21,0,0,2,0,0
7/4/22,22-Jul,y2022,3150000,3050000,125,110,0,8,33,30,0,0,31,30,0,2,35,31,0,1,24,19,0,5,2,0,0
7/5/22,22-Jul,y2022,3325000,3150000,131,112,6,0,33,31,0,0,33,30,2,0,36,32,1,0,27,19,3,0,2,0,0
7/6/22,22-Jul,y2022,3425000,3175000,131,112,0,0,33,31,0,0,33,30,0,0,36,32,0,0,27,19,0,0,2,0,0
7/7/22,22-Jul,y2022,2875000,2700000,131,115,0,0,33,31,0,0,33,28,0,0,36,34,0,0,27,22,0,0,2,0,0
7/8/22,22-Jul,y2022,2775000,2400000,123,111,0,8,32,32,0,1,32,28,0,1,34,32,0,2,24,19,0,3,1,0,1
7/9/22,22-Jul,y2022,3400000,2625000,123,111,0,0,32,32,0,0,32,28,0,0,34,32,0,0,24,19,0,0,1,0,0
7/10/22,22-Jul,y2022,3675000,4100000,129,111,6,0,33,32,1,0,33,28,1,0,36,32,2,0,26,19,2,,1,0,0
7/11/22,22-Jul,y2022,3100000,2900000,129,111,0,0,33,32,0,0,33,28,0,0,36,32,0,0,26,19,0,0,1,0,0
7/12/22,22-Jul,y2022,3225000,2925000,NA,NA,NA,NA,NA,NA,NA,NA,NA,NA,NA,NA,NA,NA,NA,NA,NA,NA,NA,NA,NA,NA,NA
7/13/22,22-Jul,y2022,2925000,2850000,129,114,0,0,33,32,0,0,33,29,0,0,36,33,0,0,26,20,0,0,1,0,0
7/14/22,22-Jul,y2022,3525000,3000000,129,115,0,0,33,32,0,0,33,30,0,0,36,33,0,0,26,20,0,0,1,0,0
7/15/22,22-Jul,y2022,3875000,3575000,129,112,0,4,33,32,0,0,33,30,0,0,35,32,0,1,23,18,0,3,1,0,0
7/16/22,22-Jul,y2022,3600000,3175000,129,112,0,0,33,32,0,0,33,30,0,0,35,32,0,0,23,18,0,0,1,0,0
7/17/22,22-Jul,y2022,3375000,3175000,129,108,10,6,35,31,3,1,33,29,1,1,36,30,3,2,24,18,3,2,1,0,0
7/18/22,22-Jul,y2022,3325000,3275000,129,108,0,0,35,31,0,0,33,29,0,0,36,30,0,0,24,18,0,0,1,0,0
7/19/22,22-Jul,y2022,3225000,3125000,129,108,0,0,35,31,0,0,33,29,0,0,36,30,0,0,24,18,0,0,1,0,0
7/20/22,22-Jul,y2022,NA,NA,129,108,0,0,35,31,0,0,33,29,0,0,36,30,0,0,24,18,0,0,1,0,0
7/21/22,22-Jul,y2022,NA,NA,129,110,0,0,35,32,0,0,33,31,0,0,35,29,0,1,24,18,0,0,1,0,0
7/22/22,22-Jul,y2022,2825000,2500000,130,109,6,4,35,30,2,2,33,31,0,0,35,29,2,2,26,18,2,0,1,0,0
7/23/22,22-Jul,y2022,2425000,2550000,130,109,0,0,35,30,0,0,33,31,0,0,35,29,0,0,26,18,0,0,1,0,0
7/24/22,22-Jul,y2022,2150000,1900000,130,109,0,0,35,30,0,0,33,31,0,0,35,29,0,0,20,18,0,0,1,0,0
7/25/22,22-Jul,y2022,2850000,3175000,113,93,0,15,29,24,0,6,33,31,0,0,30,25,0,4,20,13,0,5,1,0,0
7/26/22,22-Jul,y2022,3075000,3225000,113,94,0,0,29,24,0,0,33,31,0,0,30,25,0,0,20,14,0,0,1,0,0
7/27/22,22-Jul,y2022,3050000,3225000,113,94,0,0,29,24,0,0,33,31,0,0,30,25,0,0,20,14,0,0,1,0,0
7/28/22,22-Jul,y2022,3000000,3100000,112,95,0,1,29,24,0,0,33,32,0,0,30,26,0,0,19,13,0,1,1,0,0
7/29/22,22-Jul,y2022,2725000,2550000,112,100,0,0,29,24,0,0,33,32,0,0,30,28,0,0,19,16,0,0,1,0,0
7/30/22,22-Jul,y2022,NA,NA,112,100,0,0,29,24,0,0,33,32,0,0,30,28,0,0,19,16,0,0,1,0,0
7/31/22,22-Jul,y2022,NA,NA,109,97,4,7,27,24,1,3,33,32,1,1,29,27,1,2,19,16,1,1,1,0,0
8/1/22,22-Aug,y2022,2200000,2000000,109,97,0,0,27,24,0,0,33,32,0,0,29,27,0,0,19,16,0,0,1,0,0
8/2/22,22-Aug,y2022,2325000,2175000,112,98,4,1,28,24,1,0,34,32,1,0,29,26,1,1,20,16,1,0,1,0,0
8/3/22,22-Aug,y2022,3225000,3100000,112,98,0,0,28,24,0,0,34,32,0,0,29,26,0,0,20,16,0,0,1,0,0
8/4/22,22-Aug,y2022,2975000,2925000,112,101,0,0,28,24,0,0,34,32,0,0,29,27,0,0,20,18,0,0,1,0,0
8/5/22,22-Aug,y2022,3225000,3125000,112,101,0,0,28,24,0,0,34,32,0,0,29,27,0,0,20,18,0,0,1,0,0
8/6/22,22-Aug,y2022,2825000,2850000,115,98,7,4,30,25,2,0,34,31,1,1,29,25,2,2,21,17,2,1,1,0,0
8/7/22,22-Aug,y2022,2750000,2675000,115,98,0,0,30,25,0,0,34,31,0,0,29,25,0,0,21,17,0,0,1,0,0
8/8/22,22-Aug,y2022,2450000,2225000,115,98,0,0,30,25,0,0,34,31,0,0,29,25,0,0,21,17,0,0,1,0,0
8/9/22,22-Aug,y2022,2675000,2800000,109,92,0,6,28,23,0,2,34,31,0,0,27,23,0,2,19,15,0,2,1,0,0
8/10/22,22-Aug,y2022,3225000,3050000,109,92,0,0,28,23,0,0,34,31,0,0,27,23,0,0,19,15,0,0,1,0,0
8/11/22,22-Aug,y2022,3325000,3175000,109,93,0,0,28,24,0,0,34,31,0,0,27,23,0,0,19,15,0,0,1,0,0
8/12/22,22-Aug,y2022,2750000,2700000,108,95,0,1,28,24,0,0,34,31,0,0,26,23,0,1,19,17,0,0,1,0,0
8/13/22,22-Aug,y2022,3125000,2700000,108,97,0,0,28,25,0,0,34,32,0,0,26,23,0,0,19,17,0,0,1,0,0
8/14/22,22-Aug,y2022,3175000,2725000,111,94,6,3,30,25,2,0,34,31,2,1,27,23,1,0,17,15,0,2,2,1,0
8/15/22,22-Aug,y2022,3350000,2900000,111,94,0,0,30,25,0,0,34,31,0,0,27,23,0,0,17,15,0,0,2,0,0
8/16/22,22-Aug,y2022,3350000,3000000,111,94,0,0,30,25,0,0,34,31,0,0,27,23,0,0,17,15,0,0,2,0,0
8/17/22,22-Aug,y2022,3325000,3125000,111,94,0,0,30,25,0,0,34,31,0,0,27,23,0,0,17,15,0,0,2,0,0
8/18/22,22-Aug,y2022,3225000,2650000,111,94,0,0,30,25,0,0,34,31,0,0,27,23,0,0,17,15,0,0,2,0,0
8/19/22,22-Aug,y2022,3175000,2925000,111,95,0,0,30,25,0,0,34,31,0,0,27,24,0,0,17,15,0,0,2,0,0
8/20/22,22-Aug,y2022,3450000,2950000,114,94,9,6,32,28,2,0,35,29,2,2,26,22,2,3,18,15,2,1,3,1,0
8/21/22,22-Aug,y2022,3350000,3150000,114,94,0,0,32,28,0,0,35,29,0,0,26,22,0,0,18,15,0,0,3,0,0
8/22/22,22-Aug,y2022,3525000,3150000,114,98,0,0,32,29,0,0,35,31,0,0,26,22,0,0,18,16,0,0,3,0,0
8/23/22,22-Aug,y2022,3300000,3125000,114,98,0,0,32,28,0,0,35,31,0,0,26,23,0,0,18,16,0,0,3,0,0
8/24/22,22-Aug,y2022,3950000,3250000,117,92,9,6,34,28,2,0,35,29,2,2,25,20,2,3,20,15,3,1,3,0,0
8/25/22,22-Aug,y2022,4150000,NA,116,90,3,4,34,28,0,0,34,28,0,1,24,19,0,1,21,14,1,1,4,2,1
8/26/22,22-Aug,y2022,3775000,3750000,118,90,2,0,34,28,0,0,34,28,0,0,26,19,2,0,21,14,0,0,4,0,0
8/27/22,22-Aug,y2022,3425000,3150000,118,92,0,0,34,29,0,0,34,28,0,0,26,20,0,0,21,14,0,0,4,0,0
8/28/22,22-Aug,y2022,3175000,3025000,118,92,0,0,34,29,0,0,34,28,0,0,26,20,0,0,21,14,0,0,4,0,0
8/29/22,22-Aug,y2022,3450000,3225000,118,93,0,0,34,30,0,0,34,29,0,0,26,20,0,0,21,14,0,0,4,0,0
8/30/22,22-Aug,y2022,3550000,3150000,123,93,4,0,34,30,0,0,34,29,0,0,28,20,2,0,23,14,2,0,4,0,0
8/31/22,22-Aug,y2022,2800000,3325000,123,97,0,0,34,31,0,0,34,31,0,0,28,21,0,0,23,14,0,0,4,0,0
9/1/22,22-Sep,y2022,3625000,3425000,123,98,0,0,34,31,0,0,34,31,0,0,28,21,0,0,23,15,0,0,4,0,0
9/2/22,22-Sep,y2022,3350000,3150000,120,96,4,7,34,31,0,0,32,29,0,2,27,21,2,3,23,15,2,2,4,0,0
9/3/22,22-Sep,y2022,3175000,2700000,125,99,7,1,34,32,0,0,34,30,2,0,29,22,2,0,24,15,2,0,4,1,1
9/4/22,22-Sep,y2022,3900000,3075000,125,99,0,0,34,32,0,0,34,30,0,0,29,22,0,0,24,15,0,0,4,0,0
9/5/22,22-Sep,y2022,3475000,3200000,125,99,0,0,34,32,0,0,34,30,0,0,29,22,0,0,24,15,0,0,4,0,0
9/6/22,22-Sep,y2022,3500000,3100000,125,99,0,0,34,32,0,0,34,30,0,0,29,22,0,0,24,17,0,0,4,0,0
9/7/22,22-Sep,y2022,3225000,2775000,129,99,4,0,34,32,0,0,34,30,0,0,31,22,2,0,26,17,2,0,4,0,0
9/8/22,22-Sep,y2022,3050000,2775000,129,101,0,0,34,32,0,0,34,30,0,0,31,22,0,0,26,17,0,0,4,0,0
9/9/22,22-Sep,y2022,3450000,3350000,129,101,0,0,34,32,0,0,34,30,0,0,31,22,0,0,26,17,0,0,4,0,0
9/10/22,22-Sep,y2022,3350000,3275000,127,105,0,2,34,34,0,0,33,31,0,1,31,23,0,0,25,17,0,1,4,0,0
9/11/22,22-Sep,y2022,3150000,3300000,124,99,3,6,34,32,2,2,34,31,1,0,29,21,0,2,23,15,0,2,4,0,0
9/12/22,22-Sep,y2022,3100000,3225000,124,99,0,0,34,32,0,0,34,31,0,0,29,21,0,0,23,15,0,0,4,0,0
9/13/22,22-Sep,y2022,3750000,2665000,120,97,0,4,34,32,0,0,32,29,0,2,29,21,0,0,23,15,0,0,2,0,2
9/14/22,22-Sep,y2022,3400000,3200000,128,97,9,1,34,32,0,0,32,29,0,0,33,21,4,0,27,15,4,0,2,1,1
9/15/22,22-Sep,y2022,3525000,3125000,128,97,0,0,34,32,0,0,32,29,0,0,33,21,0,0,27,15,0,0,2,0,0
9/16/22,22-Sep,y2022,3200000,2850000,126,94,1,3,32,30,0,2,32,29,0,0,33,21,0,0,26,14,0,1,3,1,0
9/17/22,22-Sep,y2022,3313000,3050000,126,91,0,0,32,30,0,0,32,29,0,0,33,20,0,0,26,12,0,0,3,0,0
9/18/22,22-Sep,y2022,3225000,3175000,126,91,0,0,32,30,0,0,32,29,0,0,33,20,0,0,26,12,0,0,3,0,0
9/19/22,22-Sep,y2022,2925000,2550000,117,95,0,9,32,30,0,0,32,29,0,0,28,21,0,5,22,15,0,4,3,0,0
9/20/22,22-Sep,y2022,3625000,3175000,123,95,6,0,33,30,1,0,32,29,0,0,30,21,2,0,24,15,2,0,4,1,0
9/21/22,22-Sep,y2022,3425000,3200000,123,97,0,0,33,30,0,0,32,29,0,0,30,21,0,0,24,17,0,0,4,0,0
9/22/22,22-Sep,y2022,3350000,3175000,123,102,0,0,33,30,0,0,32,30,0,0,30,22,0,0,24,20,0,0,4,0,0
9/23/22,22-Sep,y2022,3175000,3350000,117,99,0,6,32,29,0,1,30,29,0,2,28,22,0,2,23,19,0,1,4,0,0
9/24/22,22-Sep,y2022,3100000,2950000,117,99,0,0,32,29,0,0,30,29,0,0,28,22,0,0,23,19,0,0,4,0,0
9/25/22,22-Sep,y2022,3200000,3075000,117,99,0,0,32,29,0,0,30,29,0,0,28,22,0,0,23,19,0,0,4,0,0
9/26/22,22-Sep,y2022,3125000,2975000,117,100,6,6,32,29,2,2,31,29,1,0,28,22,2,2,22,20,0,1,4,1,1
9/27/22,22-Sep,y2022,3200000,3125000,117,101,0,0,32,29,0,0,31,29,0,0,28,23,0,0,22,20,0,0,4,0,0
9/28/22,22-Sep,y2022,3275000,3100000,117,102,0,0,32,29,0,0,31,29,0,0,28,24,0,0,22,20,0,0,4,0,0
9/29/22,22-Sep,y2022,3125000,3075000,112,98,0,5,32,29,0,0,31,30,0,0,26,22,0,2,19,17,0,3,4,0,0
9/30/22,22-Sep,y2022,3400000,3525000,112,96,0,0,32,29,0,0,31,29,0,0,26,21,0,0,19,16,0,0,4,0,0
10/1/22,22-Oct,y2022,3725000,2550000,112,96,0,0,32,29,0,0,31,29,0,0,26,21,0,0,19,16,0,0,4,0,0
10/2/22,22-Oct,y2022,4100000,3100000,118,96,6,0,32,29,0,0,31,29,0,0,30,21,4,0,21,16,2,0,4,0,0
10/3/22,22-Oct,y2022,3850000,3675000,118,98,0,0,32,29,0,0,31,29,0,0,30,22,0,0,21,17,0,0,4,0,0
10/4/22,22-Oct,y2022,3525000,3175000,105,86,0,13,32,29,0,0,31,30,0,0,24,16,0,6,14,11,0,7,4,0,0
10/5/22,22-Oct,y2022,3775000,3650000,105,86,0,0,32,29,0,0,31,30,0,0,24,16,0,0,14,11,0,0,4,0,0
10/6/22,22-Oct,y2022,4125000,3525000,105,87,0,0,32,30,0,0,31,30,0,0,24,16,0,0,14,11,0,0,4,0,0
10/7/22,22-Oct,y2022,3825000,3200000,105,87,0,0,32,30,0,0,31,30,0,0,24,16,0,0,14,11,0,0,4,0,0
10/8/22,22-Oct,y2022,3675000,3350000,105,87,0,0,32,30,0,0,31,30,0,0,24,16,0,0,14,11,0,0,4,0,0
10/9/22,22-Oct,y2022,3350000,3300000,105,87,0,0,32,30,0,0,31,30,0,0,25,16,1,0,15,11,1,0,4,0,0
10/10/22,22-Oct,y2022,2950000,2700000,110,87,7,4,34,30,2,0,33,30,2,0,25,18,1,1,14,9,2,3,4,0,0
10/11/22,22-Oct,y2022,3950000,NA,NA,NA,NA,NA,NA,NA,NA,NA,NA,NA,NA,NA,NA,NA,NA,NA,NA,NA,NA,NA,NA,NA,NA
10/12/22,22-Oct,y2022,3600000,2875000,110,87,0,0,34,30,0,0,33,30,0,0,25,18,0,0,14,9,0,0,4,0,0
10/13/22,22-Oct,y2022,3375000,2850000,106,87,0,4,34,31,0,0,33,31,0,0,24,16,0,1,12,9,0,2,3,0,1
10/14/22,22-Oct,y2022,3825000,2900000,94,77,0,11,31,28,0,3,32,30,0,1,18,12,0,5,10,7,0,2,3,0,0
10/15/22,22-Oct,y2022,3300000,3025000,103,79,9,0,33,28,2,0,33,30,1,0,20,14,2,0,12,7,2,0,5,2,0
10/16/22,22-Oct,y2022,3525000,3175000,103,81,0,0,33,28,0,0,33,30,0,0,20,14,0,0,12,9,0,0,5,0,0
10/17/22,22-Oct,y2022,3425000,3100000,99,80,0,4,33,28,0,0,33,30,0,0,19,15,0,1,9,7,0,3,5,0,0
10/18/22,22-Oct,y2022,3450000,3325000,99,81,0,0,33,28,0,0,33,31,0,0,19,15,0,0,9,7,0,0,5,0,0
10/19/22,22-Oct,y2022,3175000,2925000,97,81,0,2,33,28,0,1,33,31,0,0,19,15,0,0,9,7,0,0,4,0,1
10/20/22,22-Oct,y2022,3125000,3075000,96,80,0,1,32,27,0,1,33,31,0,0,19,15,0,0,9,7,0,0,4,0,0
10/21/22,22-Oct,y2022,3525000,NA,96,81,0,0,31,27,0,0,33,31,0,0,19,16,0,0,9,7,0,0,4,0,0
10/22/22,22-Oct,y2022,NA,NA,96,81,0,0,31,27,0,0,33,31,0,0,19,16,0,0,9,7,0,0,4,0,0
10/23/22,22-Oct,y2022,NA,NA,96,81,0,0,31,27,0,0,33,31,0,0,19,16,0,0,9,7,0,0,4,0,0
10/24/22,22-Oct,y2022,3350000,3300000,91,79,0,5,30,27,0,1,32,31,0,1,17,15,0,2,8,6,0,1,4,0,0
10/25/22,22-Oct,y2022,3575000,3050000,91,79,0,0,30,27,0,0,32,31,0,0,17,15,0,0,8,6,0,0,4,0,0
10/26/22,22-Oct,y2022,3400000,3200000,NA,NA,NA,NA,NA,NA,NA,NA,NA,NA,NA,NA,NA,NA,NA,NA,NA,NA,NA,NA,NA,NA,NA
3/1/23,23-Mar,y2023,NA,NA,9,0,9,0,3,0,3,0,2,0,2,0,1,0,1,0,1,0,1,0,2,2,0
3/2/23,23-Mar,y2023,NA,NA,20,0,11,0,6,0,3,0,5,0,3,0,3,0,2,0,4,0,3,0,2,0,0
3/3/23,23-Mar,y2023,NA,NA,20,0,0,0,6,0,0,0,5,0,0,0,3,0,0,0,4,0,0,0,2,0,0
3/4/23,23-Mar,y2023,NA,NA,20,0,0,0,6,0,0,0,5,0,0,0,3,0,0,0,4,0,0,0,2,0,0
3/5/23,23-Mar,y2023,NA,NA,28,0,8,0,8,0,2,0,7,0,2,0,5,0,2,0,6,0,2,0,2,0,0
3/6/23,23-Mar,y2023,NA,NA,28,0,0,0,8,0,0,0,7,0,0,0,5,0,0,0,6,0,0,0,2,0,0
3/7/23,23-Mar,y2023,NA,NA,28,0,0,0,8,0,0,0,7,0,0,0,5,0,0,0,6,0,0,0,2,0,0
3/8/23,23-Mar,y2023,NA,NA,28,0,0,0,8,0,0,0,7,0,0,0,5,0,0,0,6,0,0,0,2,0,0
3/9/23,23-Mar,y2023,NA,NA,28,0,0,0,8,0,0,0,7,0,0,0,5,0,0,0,6,0,0,0,2,0,0
3/10/23,23-Mar,y2023,NA,NA,28,0,0,0,8,0,0,0,7,0,0,0,5,0,0,0,6,0,0,0,2,0,0
3/11/23,23-Mar,y2023,NA,NA,28,3,0,0,8,3,0,0,7,0,0,0,5,0,0,0,6,0,0,0,2,0,0
3/12/23,23-Mar,y2023,3150000,NA,28,11,0,0,8,6,0,0,7,5,0,0,5,0,0,0,6,0,0,0,2,0,0
3/13/23,23-Mar,y2023,5175000,NA,34,11,6,0,10,6,2,0,9,5,2,0,6,0,1,0,7,0,1,0,2,0,0
3/14/23,23-Mar,y2023,4375000,NA,34,11,0,0,10,6,0,0,9,5,0,0,6,0,0,0,7,0,0,0,2,0,0
3/15/23,23-Mar,y2023,4825000,NA,34,19,0,0,10,8,0,0,9,7,0,0,6,2,0,0,7,2,0,0,2,0,0
3/16/23,23-Mar,y2023,4800000,4200000,34,20,0,0,10,8,0,0,9,7,0,0,6,2,0,0,7,3,0,0,2,0,0
3/17/23,23-Mar,y2023,3700000,3675000,38,22,4,0,11,8,1,0,10,7,1,0,7,3,1,0,8,4,1,0,2,0,0
3/18/23,23-Mar,y2023,3925000,3850000,38,24,0,0,11,8,0,0,10,7,0,0,7,5,0,0,8,4,0,0,2,0,0
3/19/23,23-Mar,y2023,3825000,3650000,38,24,0,0,11,8,0,0,10,7,0,0,7,5,0,0,8,5,0,0,2,0,0
3/20/23,23-Mar,y2023,3975000,3750000,38,29,0,0,11,10,0,0,10,9,0,0,7,5,0,0,8,5,0,0,2,0,0
3/21/23,23-Mar,y2023,3300000,NA,41,30,3,0,11,10,0,0,11,9,1,0,8,5,1,0,9,6,1,0,2,0,0
3/22/23,23-Mar,y2023,3400000,2675000,41,30,0,0,11,10,0,0,11,9,0,0,8,5,0,0,9,6,0,0,2,0,0
3/23/23,23-Mar,y2023,3250000,2400000,45,31,4,0,13,10,2,0,12,9,1,0,9,5,1,0,9,7,0,0,2,0,0
3/24/23,23-Mar,y2023,3150000,2900000,45,31,0,0,13,10,0,0,12,9,0,0,9,5,0,0,9,7,0,0,2,0,0
3/25/23,23-Mar,y2023,3250000,2825000,45,31,0,0,13,10,0,0,12,9,0,0,9,5,0,0,9,7,0,0,2,0,0
3/26/23,23-Mar,y2023,2975000,2450000,53,32,8,0,15,11,2,0,14,9,2,0,11,5,2,0,11,7,2,0,2,0,0
3/27/23,23-Mar,y2023,2900000,2575000,53,32,0,0,15,11,0,0,14,9,0,0,11,5,0,0,11,7,0,0,2,0,0
3/28/23,23-Mar,y2023,3325000,3300000,53,34,0,0,15,11,0,0,14,11,0,0,11,5,0,0,11,7,0,0,2,0,0
3/29/23,23-Mar,y2023,3125000,2950000,53,35,0,0,15,11,0,0,14,11,0,0,11,5,0,0,11,8,0,0,2,0,0
3/30/23,23-Mar,y2023,3100000,2975000,53,35,0,0,15,11,0,0,14,11,0,0,11,5,0,0,11,8,0,0,2,0,0
3/31/23,23-Mar,y2023,4425000,4225000,60,37,7,0,17,11,2,0,16,12,2,0,13,5,2,0,12,9,1,0,2,0,0
4/1/23,23-Apr,y2023,3950000,3900000,60,39,0,0,17,12,0,0,16,12,0,0,13,6,0,0,12,9,0,0,2,0,0
4/2/23,23-Apr,y2023,4175000,3775000,68,42,8,0,19,13,2,0,18,13,2,0,15,7,2,0,14,9,2,0,2,0,0
4/3/23,23-Apr,y2023,3750000,3550000,68,42,0,0,19,13,0,0,18,13,0,0,15,7,0,0,14,9,0,0,2,0,0
4/4/23,23-Apr,y2023,2325000,2300000,68,42,0,0,19,13,0,0,18,13,0,0,15,7,0,0,14,9,0,0,2,0,0
4/5/23,23-Apr,y2023,3025000,2425000,77,46,9,0,21,14,2,0,20,14,2,0,17,9,2,0,16,9,2,0,3,1,0
4/6/23,23-Apr,y2023,2450000,2025000,77,48,0,0,21,15,0,0,20,14,0,0,17,9,0,0,16,10,0,0,3,0,0
4/7/23,23-Apr,y2023,2900000,2625000,77,48,0,0,21,15,0,0,20,14,0,0,17,9,0,0,16,10,0,0,3,0,0
4/8/23,23-Apr,y2023,3450000,2925000,77,53,0,0,21,17,0,0,20,16,0,0,17,10,0,0,16,10,0,0,3,0,0
4/9/23,23-Apr,y2023,2825000,2525000,83,54,8,2,23,17,2,0,22,18,2,0,19,11,2,0,16,8,2,2,3,0,0
4/10/23,23-Apr,y2023,3100000,3675000,83,56,0,0,23,18,0,0,22,18,0,0,19,12,0,0,16,8,0,0,3,0,0
4/11/23,23-Apr,y2023,3625000,3825000,83,57,0,0,23,18,0,0,22,18,0,0,19,12,0,0,16,9,0,0,3,0,0
4/12/23,23-Apr,y2023,3650000,3625000,83,58,0,0,23,19,0,0,22,18,0,0,19,12,0,0,16,9,0,0,3,0,0
4/13/23,23-Apr,y2023,3575000,3600000,83,61,0,0,23,19,0,0,22,19,0,0,19,14,0,0,16,9,0,0,3,0,0
4/14/23,23-Apr,y2023,3450000,3275000,90,62,7,0,25,19,2,0,24,19,2,0,20,15,1,0,18,10,2,0,3,0,0
4/15/23,23-Apr,y2023,3550000,3325000,90,62,0,0,25,19,0,0,24,19,0,0,20,15,0,0,18,10,0,0,3,0,0
4/16/23,23-Apr,y2023,3400000,3025000,90,65,0,0,25,21,0,0,24,19,0,0,20,16,0,0,18,10,0,0,3,0,0
4/17/23,23-Apr,y2023,2550000,2250000,98,71,8,0,27,21,2,0,26,20,2,0,22,17,2,0,20,13,2,0,3,0,0
4/18/23,23-Apr,y2023,3125000,3525000,95,71,0,3,26,20,0,1,26,21,0,0,22,17,0,0,18,13,0,0,3,0,0
4/19/23,23-Apr,y2023,2600000,3775000,95,73,0,0,26,21,0,0,26,21,0,0,22,18,0,0,18,13,0,0,3,0,0
4/20/23,23-Apr,y2023,3475000,3650000,95,73,0,0,26,21,0,0,26,21,0,0,22,18,0,0,18,13,0,0,3,0,0
4/21/23,23-Apr,y2023,3025000,2900000,104,73,9,0,28,21,2,0,28,21,2,0,24,18,2,0,20,13,2,0,4,1,0
4/22/23,23-Apr,y2023,3750000,3000000,104,73,0,0,28,22,0,0,28,21,0,0,24,19,0,0,20,13,0,0,4,0,0
4/23/23,23-Apr,y2023,3250000,3150000,104,78,0,0,28,23,0,0,28,23,0,0,24,20,0,0,20,14,0,0,4,0,0
4/24/23,23-Apr,y2023,3325000,3175000,104,84,0,0,28,24,0,0,28,24,0,0,24,20,0,0,20,16,0,0,4,0,0
4/25/23,23-Apr,y2023,3250000,3025000,101,84,0,3,28,25,0,0,28,26,0,0,23,19,0,1,18,14,0,2,4,0,0
4/26/23,23-Apr,y2023,3525000,3175000,109,88,8,0,30,26,2,0,30,26,2,0,25,20,2,0,20,16,2,0,4,0,0
4/27/23,23-Apr,y2023,3250000,3075000,109,89,0,0,30,26,0,0,30,27,0,0,25,20,0,0,20,16,0,0,4,0,0
4/28/23,23-Apr,y2023,3450000,3075000,107,90,0,2,30,27,0,0,30,27,0,0,24,20,0,1,19,16,0,1,4,0,0
4/29/23,23-Apr,y2023,3750000,3375000,107,90,0,0,30,27,0,0,30,27,0,0,24,20,0,0,19,16,0,0,4,0,0
4/30/23,23-Apr,y2023,3000000,3375000,115,91,8,0,32,28,2,0,32,27,2,0,26,20,2,0,21,16,2,0,4,0,0
5/1/23,23-May,y2023,3450000,3125000,110,87,0,5,32,28,0,0,32,28,0,0,26,20,0,0,16,11,0,5,4,0,0
5/2/23,23-May,y2023,3325000,3100000,110,87,0,0,32,28,0,0,32,28,0,0,26,20,0,0,16,11,0,0,4,0,0
5/3/23,23-May,y2023,3575000,3500000,104,81,0,6,32,28,0,0,32,28,0,0,25,19,0,1,11,6,0,5,4,0,0
5/4/23,23-May,y2023,3600000,3450000,104,81,0,0,32,28,0,0,32,28,0,0,25,19,0,0,11,6,0,0,4,0,0
5/5/23,23-May,y2023,3425000,3575000,111,89,8,0,33,30,2,0,33,29,1,0,27,21,2,0,13,9,2,0,5,1,0
5/6/23,23-May,y2023,3450000,3275000,111,89,0,0,33,30,0,0,33,29,0,0,27,21,0,0,13,9,0,0,5,0,0
5/7/23,23-May,y2023,3550000,2500000,111,89,0,0,33,30,0,0,33,29,0,0,27,21,0,0,13,9,0,0,5,0,0
5/8/23,23-May,y2023,3575000,2975000,113,86,8,6,33,29,1,1,32,29,0,1,26,19,3,4,17,9,4,0,5,0,0
5/9/23,23-May,y2023,3725000,3100000,115,91,2,0,34,31,1,0,33,30,1,0,26,20,0,0,17,10,0,0,5,0,0
5/10/23,23-May,y2023,3600000,2500000,115,94,0,0,34,31,0,0,33,31,0,0,26,21,0,0,17,11,0,0,5,0,0
5/11/23,23-May,y2023,3550000,3375000,115,94,0,0,34,31,0,0,33,31,0,0,26,21,0,0,17,11,0,0,5,0,0
5/12/23,23-May,y2023,3475000,3200000,104,86,0,11,33,31,0,1,32,30,0,1,22,17,0,4,13,8,0,4,4,0,1
5/13/23,23-May,y2023,3575000,3225000,104,87,0,0,33,31,0,0,32,31,0,0,22,17,0,0,13,8,0,0,4,0,0
5/14/23,23-May,y2023,3675000,2975000,111,87,7,0,34,31,1,0,33,31,1,0,24,17,2,0,15,8,2,0,5,1,
5/15/23,23-May,y2023,3600000,2275000,107,86,0,4,34,31,0,0,32,31,0,1,22,15,0,2,14,9,0,1,5,0,0
5/16/23,23-May,y2023,3950000,NA,107,92,0,0,34,32,0,0,32,32,0,0,22,17,0,0,14,10,0,0,5,0,0
5/17/23,23-May,y2023,3000000,2800000,107,92,0,0,34,32,0,0,32,32,0,0,22,17,0,0,14,10,0,0,5,0,0
5/18/23,23-May,y2023,2225000,2200000,116,95,9,0,34,32,0,0,33,32,1,0,26,18,4,0,18,12,4,0,5,0,0
5/19/23,23-May,y2023,3150000,2825000,116,95,0,0,34,32,0,0,33,32,0,0,26,18,0,0,18,12,0,0,5,0,0
5/20/23,23-May,y2023,3900000,1925000,112,92,0,0,34,32,0,0,33,32,0,0,26,19,0,0,14,8,0,4,5,0,0
5/21/23,23-May,y2023,3425000,2075000,112,92,0,0,34,32,0,0,33,32,0,0,26,19,0,0,14,8,0,0,5,0,0
5/22/23,23-May,y2023,5275000,3000000,111,89,2,3,34,32,0,0,33,32,0,0,25,18,1,2,14,6,1,1,5,0,0
5/23/23,23-May,y2023,5425000,3400000,111,89,0,0,34,32,0,0,33,32,0,0,25,18,0,0,14,6,0,0,5,0,0
5/24/23,23-May,y2023,3850000,3825000,111,89,0,0,34,33,0,0,33,32,0,0,25,18,0,0,14,6,0,0,5,0,0
5/25/23,23-May,y2023,4650000,2775000,106,93,0,5,34,34,0,0,33,33,0,0,23,19,0,2,12,7,0,2,4,0,1
5/26/23,23-May,y2023,3100000,2700000,106,94,0,0,34,34,0,0,33,33,0,0,23,20,0,0,12,7,0,0,4,0,0
5/27/23,23-May,y2023,3600000,2950000,106,94,0,0,34,34,0,0,33,33,0,0,23,20,0,0,12,7,0,0,4,0,0
5/28/23,23-May,y2023,3225000,2675000,110,94,0,0,34,34,0,0,33,33,0,0,25,20,2,0,14,7,2,0,4,0,0
5/29/23,23-May,y2023,3200000,3050000,110,94,0,0,34,34,0,0,33,33,0,0,25,20,0,0,14,7,0,0,4,0,0
5/30/23,23-May,y2023,3300000,3000000,107,93,0,3,34,34,0,0,33,33,0,0,24,20,0,1,12,6,0,2,4,0,0
5/31/23,23-May,y2023,2850000,1600000,102,92,0,5,32,32,0,2,33,33,0,0,22,19,0,2,11,8,0,1,4,0,0
6/1/23,23-Jun,y2023,3350000,2075000,102,92,0,0,32,32,0,0,33,33,0,0,22,19,0,0,11,8,0,0,4,0,0
6/2/23,23-Jun,y2023,4000000,3175000,108,92,6,0,34,32,2,0,33,33,0,0,24,19,2,0,13,8,2,0,4,0,0
6/3/23,23-Jun,y2023,3375000,3125000,108,92,0,0,34,32,0,0,33,33,0,0,24,19,0,0,13,8,0,0,4,0,0
6/4/23,23-Jun,y2023,3250000,3025000,106,87,4,6,34,32,0,0,33,33,0,0,26,19,2,0,9,3,2,6,4,0,0
6/5/23,23-Jun,y2023,4450000,3100000,106,88,0,0,34,32,0,0,33,33,0,0,26,19,0,0,9,4,0,0,4,0,0
6/6/23,23-Jun,y2023,4350000,2750000,106,88,0,0,34,32,0,0,33,33,0,0,26,19,0,0,9,4,0,0,4,0,0
6/7/23,23-Jun,y2023,3900000,2825000,109,87,4,1,34,32,0,0,32,32,0,1,28,19,2,0,11,4,2,0,4,0,0
6/8/23,23-Jun,y2023,2850000,2325000,108,87,0,1,34,32,0,0,32,32,0,0,28,19,0,0,10,4,0,1,4,0,0
6/9/23,23-Jun,y2023,3375000,1700000,108,87,0,0,34,32,0,0,32,32,0,0,28,19,0,0,10,4,0,0,4,0,0
6/10/23,23-Jun,y2023,4050000,1825000,108,87,0,0,34,32,0,0,32,32,0,0,28,19,0,0,10,4,0,0,4,0,0
6/11/23,23-Jun,y2023,3975000,1875000,107,87,3,4,34,32,0,0,33,32,1,0,27,19,1,2,9,4,1,2,4,0,0
6/12/23,23-Jun,y2023,2406000,1750000,107,87,0,0,34,32,0,0,33,32,0,0,27,19,0,0,9,4,0,0,4,0,0
6/13/23,23-Jun,y2023,3700000,1425000,107,87,0,0,34,32,0,0,33,32,0,0,27,19,0,0,9,4,0,0,4,0,0
6/14/23,23-Jun,y2023,4175000,3075000,109,89,5,3,34,33,1,1,33,32,0,0,27,19,2,2,11,5,2,0,4,0,0
6/15/23,23-Jun,y2023,4475000,2475000,109,89,0,0,34,33,0,0,33,32,0,0,27,19,0,0,11,5,0,0,4,0,0
6/16/23,23-Jun,y2023,3950000,1900000,109,91,0,0,34,33,0,0,33,32,0,0,27,19,0,0,11,5,0,0,4,0,0
6/17/23,23-Jun,y2023,4500000,3025000,106,90,0,3,33,32,0,1,32,31,0,1,27,22,0,0,10,5,0,1,4,0,0
6/18/23,23-Jun,y2023,3825000,2950000,106,90,0,0,33,32,0,0,32,31,0,0,27,22,0,0,10,5,0,0,4,0,0
6/19/23,23-Jun,y2023,3275000,2525000,111,91,5,0,33,32,0,0,32,31,0,0,29,23,2,0,12,5,2,0,5,1,0
6/20/23,23-Jun,y2023,4975000,2250000,111,92,0,0,33,32,0,0,32,32,0,0,29,23,0,0,12,5,0,0,5,0,0
6/21/23,23-Jun,y2023,4450000,2900000,107,89,2,6,33,32,0,0,32,32,0,0,NA,NA,NA,NA,NA,NA,NA,NA,NA,NA,NA
6/22/23,23-Jun,y2023,5125000,2950000,107,89,0,0,33,32,0,0,32,32,0,0,NA,NA,NA,NA,NA,NA,NA,NA,NA,NA,NA
6/23/23,23-Jun,y2023,3825000,3125000,103,90,0,0,33,32,0,4,30,30,0,2,NA,NA,NA,NA,NA,NA,NA,NA,NA,NA,NA
6/24/23,23-Jun,y2023,4450000,3775000,103,91,0,0,33,32,0,0,30,30,0,0,NA,NA,NA,NA,NA,NA,NA,NA,NA,NA,NA
6/25/23,23-Jun,y2023,3945000,3375000,98,87,0,5,32,32,0,1,28,28,0,2,NA,NA,NA,NA,NA,NA,NA,NA,NA,NA,NA
6/26/23,23-Jun,y2023,3845000,3200000,103,86,7,1,32,30,1,0,29,28,1,0,NA,NA,NA,NA,NA,NA,NA,NA,NA,NA,NA
6/27/23,23-Jun,y2023,4300000,2725000,103,86,0,0,32,30,0,0,29,28,0,0,NA,NA,NA,NA,NA,NA,NA,NA,NA,NA,NA
6/28/23,23-Jun,y2023,4400000,2400000,103,86,0,0,32,30,0,0,29,28,0,0,NA,NA,NA,NA,NA,NA,NA,NA,NA,NA,NA
6/29/23,23-Jun,y2023,3450000,3175000,102,86,0,1,32,30,0,0,29,28,0,0,NA,NA,NA,NA,NA,NA,NA,NA,NA,NA,NA
6/30/23,23-Jun,y2023,3250000,3075000,102,85,0,0,32,30,0,0,29,28,0,0,NA,NA,NA,NA,NA,NA,NA,NA,NA,NA,NA
7/1/23,23-Jul,y2023,2267000,3075000,102,85,0,0,32,30,0,0,29,28,0,0,NA,NA,NA,NA,NA,NA,NA,NA,NA,NA,NA
7/2/23,23-Jul,y2023,3250000,2650000,102,91,0,1,33,32,0,0,29,28,0,0,NA,NA,NA,NA,NA,NA,NA,NA,NA,NA,NA
7/3/23,23-Jul,y2023,3625000,2850000,104,92,4,2,33,32,0,0,29,28,0,0,NA,NA,NA,NA,NA,NA,NA,NA,NA,NA,NA
7/4/23,23-Jul,y2023,3900000,1700000,103,89,0,1,33,32,0,0,29,28,0,0,NA,NA,NA,NA,NA,NA,NA,NA,NA,NA,NA
7/5/23,23-Jul,y2023,3675000,1625000,106,89,4,1,34,32,1,0,30,28,1,0,NA,NA,NA,NA,NA,NA,NA,NA,NA,NA,NA
7/6/23,23-Jul,y2023,3025000,1625000,106,86,0,0,34,31,0,0,30,28,0,0,NA,NA,NA,NA,NA,NA,NA,NA,NA,NA,NA
7/7/23,23-Jul,y2023,2900000,1800000,106,86,0,0,34,31,0,0,30,28,0,0,NA,NA,NA,NA,NA,NA,NA,NA,NA,NA,NA
7/8/23,23-Jul,y2023,3000000,2050000,106,86,0,0,34,31,0,0,30,28,0,0,NA,NA,NA,NA,NA,NA,NA,NA,NA,NA,NA
7/9/23,23-Jul,y2023,3900000,1900000,108,83,0,3,31,29,0,5,30,28,0,0,NA,NA,NA,NA,NA,NA,NA,NA,NA,NA,NA
7/10/23,23-Jul,y2023,2225000,2350000,111,83,8,0,31,29,0,0,30,28,0,0,NA,NA,NA,NA,NA,NA,NA,NA,NA,NA,NA
7/11/23,23-Jul,y2023,2900000,1800000,111,85,0,0,31,28,0,0,30,28,0,0,NA,NA,NA,NA,NA,NA,NA,NA,NA,NA,NA
7/12/23,23-Jul,y2023,2150000,1000000,110,85,0,1,30,27,0,1,30,28,0,0,NA,NA,NA,NA,NA,NA,NA,NA,NA,NA,NA
7/13/23,23-Jul,y2023,3150000,2125000,110,88,0,0,30,28,0,0,30,27,0,0,NA,NA,NA,NA,NA,NA,NA,NA,NA,NA,NA
7/14/23,23-Jul,y2023,4325000,2975000,110,89,0,0,30,28,0,0,30,28,0,0,NA,NA,NA,NA,NA,NA,NA,NA,NA,NA,NA
7/15/23,23-Jul,y2023,3825000,3800000,110,91,0,0,30,28,0,0,30,28,0,0,NA,NA,NA,NA,NA,NA,NA,NA,NA,NA,NA
7/16/23,23-Jul,y2023,2800000,2450000,113,93,3,0,32,26,2,0,30,28,0,0,NA,NA,NA,NA,NA,NA,NA,NA,NA,NA,NA
7/17/23,23-Jul,y2023,3550000,2750000,113,94,0,0,32,28,0,0,30,28,0,0,NA,NA,NA,NA,NA,NA,NA,NA,NA,NA,NA
7/18/23,23-Jul,y2023,2550000,2075000,113,94,0,0,32,28,0,0,30,28,0,0,NA,NA,NA,NA,NA,NA,NA,NA,NA,NA,NA